OrderId,Date,Region,SalesPerson,Product,Category,Quantity,UnitPrice,Discount,CostPrice
101,2024-01-05,East,Alice,Laptop,Electronics,2,1200,0.10,900
102,2024-01-05,West,Bob,Mouse,Accessories,10,25,0.00,15
103,2024-01-10,North,Charlie,Keyboard,Accessories,5,45,0.05,30
104,2024-01-15,South,David,Monitor,Electronics,1,300,0.10,200
105,2024-01-20,East,Alice,Headphones,Electronics,3,80,0.20,50
106,2024-02-01,West,Bob,Laptop,Electronics,1,1300,0.05,1000
107,2024-02-03,North,Eva,Desk,Furniture,2,150,0.00,100
108,2024-02-10,South,David,Chair,Furniture,4,90,0.10,60
109,2024-02-12,East,Alice,Keyboard,Accessories,6,40,0.00,25
110,2024-02-15,West,Bob,Monitor,Electronics,2,280,0.10,180
111,2024-02-18,South,David,Mouse,Accessories,8,22,0.00,12
112,2024-02-25,North,Eva,Laptop,Electronics,1,1400,0.08,1100
113,2024-03-03,West,Bob,Chair,Furniture,3,100,0.05,70
114,2024-03-05,East,Alice,Desk,Furniture,1,200,0.10,120
115,2024-03-10,South,David,Laptop,Electronics,2,1250,0.12,950
116,2024-03-12,North,Charlie,Headphones,Electronics,4,95,0.00,60
117,2024-03-15,West,Bob,Keyboard,Accessories,7,38,0.05,25
118,2024-03-18,East,Alice,Mouse,Accessories,15,24,0.00,15
119,2024-03-20,South,David,Monitor,Electronics,2,310,0.15,200
120,2024-03-22,North,Eva,Chair,Furniture,5,85,0.00,60
121,2024-04-01,West,Bob,Laptop,Electronics,1,1350,0.10,1000
122,2024-04-03,East,Alice,Keyboard,Accessories,4,42,0.00,25
123,2024-04-05,South,David,Desk,Furniture,2,180,0.08,120
124,2024-04-07,North,Charlie,Mouse,Accessories,12,23,0.00,15
125,2024-04-10,East,Alice,Monitor,Electronics,3,290,0.12,180
126,2024-04-12,South,David,Headphones,Electronics,6,88,0.10,55
127,2024-04-15,West,Bob,Desk,Furniture,2,160,0.05,100
128,2024-04-20,North,Eva,Laptop,Electronics,2,1500,0.10,1200
129,2024-04-25,East,Alice,Mouse,Accessories,20,22,0.00,12
130,2024-05-01,South,David,Chair,Furniture,3,110,0.10,70
131,2024-05-03,West,Bob,Monitor,Electronics,1,320,0.10,210
132,2024-05-05,East,Alice,Laptop,Electronics,1,1450,0.07,1100
133,2024-05-07,North,Charlie,Chair,Furniture,4,95,0.00,60
134,2024-05-10,South,David,Keyboard,Accessories,5,39,0.05,25
135,2024-05-12,East,Alice,Desk,Furniture,1,210,0.10,140
136,2024-05-15,North,Eva,Mouse,Accessories,18,24,0.00,14
137,2024-05-18,West,Bob,Headphones,Electronics,3,90,0.10,55
138,2024-05-20,South,David,Laptop,Electronics,1,1550,0.12,1200
139,2024-06-01,East,Alice,Monitor,Electronics,2,330,0.15,210
140,2024-06-03,West,Bob,Chair,Furniture,6,105,0.05,75
141,2024-06-05,North,Charlie,Keyboard,Accessories,8,40,0.00,25
142,2024-06-07,South,David,Mouse,Accessories,25,20,0.00,12
143,2024-06-10,East,Alice,Desk,Furniture,2,190,0.10,120
144,2024-06-12,North,Eva,Laptop,Electronics,1,1600,0.10,1300
145,2024-06-15,West,Bob,Monitor,Electronics,3,300,0.10,220
146,2024-06-18,South,David,Chair,Furniture,4,100,0.08,70
147,2024-06-20,East,Alice,Keyboard,Accessories,10,38,0.00,25
148,2024-06-22,North,Charlie,Headphones,Electronics,2,85,0.10,55
149,2024-06-25,South,David,Laptop,Electronics,1,1700,0.10,1400
150,2024-06-28,West,Bob,Mouse,Accessories,30,19,0.00,12
""
151,2024-05-17,South,Charlie,Desk,Furniture,17,212.05,0,165.18
152,2024-01-07,East,Charlie,Desk,Furniture,13,191.42,0.15,142.15
153,2024-06-11,North,Liam,Monitor,Electronics,8,338.23,0.2,247.37
154,2024-06-14,East,Liam,Desk,Furniture,20,288.82,0.2,95.26
155,2024-04-16,North,Liam,Laptop,Electronics,28,1574.1,0.15,1180.07
156,2024-05-03,North,Eva,Keyboard,Accessories,20,35.2,0.1,33.69
157,2024-05-16,North,David,Headphones,Electronics,9,114.44,0.05,57.38
158,2024-01-23,North,Sophia,Desk,Furniture,15,284.38,0.05,88.36
159,2024-03-20,East,Bob,Chair,Furniture,10,136.32,0.05,94.83
160,2024-04-09,North,Charlie,Chair,Furniture,21,135.43,0.05,63.55
161,2024-01-15,East,Alice,Headphones,Electronics,5,126.9,0,69.27
162,2024-02-13,South,Liam,Laptop,Electronics,12,1510.65,0.15,1103.11
163,2024-04-22,North,Liam,Keyboard,Accessories,18,53.61,0.05,30.59
164,2024-06-08,West,Eva,Monitor,Electronics,26,305.88,0,264.64
165,2024-01-12,West,Alice,Keyboard,Accessories,17,52.2,0.2,27.28
166,2024-02-26,North,Eva,Mouse,Accessories,9,29.17,0.12,15.24
167,2024-06-01,East,Eva,Mouse,Accessories,24,23.17,0,13.22
168,2024-06-17,South,Bob,Keyboard,Accessories,30,41.14,0,21.79
169,2024-02-15,East,Eva,Keyboard,Accessories,28,52.5,0.15,30.25
170,2024-04-18,South,Eva,Keyboard,Accessories,13,48.65,0.05,28.09
171,2024-03-09,South,Charlie,Keyboard,Accessories,22,53.53,0,22.07
172,2024-04-30,West,Eva,Desk,Furniture,21,157.5,0.1,133.58
173,2024-05-24,South,David,Headphones,Electronics,30,145.84,0.12,44.77
174,2024-05-15,West,Alice,Keyboard,Accessories,18,36.07,0.12,33.94
175,2024-06-26,South,Charlie,Desk,Furniture,6,271.87,0,137.67
176,2024-02-29,East,Alice,Mouse,Accessories,3,24.51,0.12,10.93
177,2024-01-18,West,Bob,Mouse,Accessories,18,20.9,0.1,19.96
178,2024-01-01,East,Eva,Chair,Furniture,2,98.06,0.12,85.54
179,2024-05-17,South,Bob,Headphones,Electronics,2,126.71,0.1,42.14
180,2024-01-17,South,Liam,Mouse,Accessories,19,27.24,0.1,15.79
181,2024-03-22,East,Bob,Monitor,Electronics,12,409.29,0.05,292.99
182,2024-03-10,North,Charlie,Desk,Furniture,15,217.37,0.15,152.16
183,2024-05-10,East,Eva,Mouse,Accessories,28,18.92,0.12,17.29
184,2024-05-28,South,Bob,Mouse,Accessories,29,22.74,0.12,10.7
185,2024-04-09,West,Alice,Chair,Furniture,15,75.33,0.15,64.11
186,2024-06-27,South,Charlie,Desk,Furniture,14,191.79,0.1,113.51
187,2024-02-11,West,Liam,Headphones,Electronics,26,71.26,0,87.71
188,2024-03-27,North,David,Desk,Furniture,19,298.05,0.1,122.62
189,2024-05-29,East,Bob,Desk,Furniture,9,222.97,0.15,86.25
190,2024-05-20,North,Sophia,Keyboard,Accessories,14,45.88,0,30.34
191,2024-02-18,North,Liam,Desk,Furniture,30,271.6,0.05,92.54
192,2024-01-19,South,Charlie,Chair,Furniture,11,137.0,0,98.55
193,2024-06-20,North,David,Desk,Furniture,22,187.1,0,80.34
194,2024-02-19,East,Eva,Mouse,Accessories,21,26.13,0.1,17.35
195,2024-02-28,South,Liam,Laptop,Electronics,6,1704.28,0.05,1282.92
196,2024-05-04,West,Charlie,Keyboard,Accessories,12,54.38,0.15,33.88
197,2024-05-27,East,Sophia,Laptop,Electronics,8,1449.43,0,1177.99
198,2024-04-18,North,Sophia,Desk,Furniture,4,198.32,0,112.66
199,2024-06-28,West,David,Monitor,Electronics,18,400.05,0.05,275.54
200,2024-03-22,South,Alice,Laptop,Electronics,5,1126.33,0.15,961.29
201,2024-01-22,North,Charlie,Chair,Furniture,13,154.13,0.2,50.83
202,2024-03-10,South,Liam,Desk,Furniture,28,158.93,0,155.78
203,2024-06-08,South,Charlie,Keyboard,Accessories,7,49.71,0.1,25.63
204,2024-03-02,North,Liam,Monitor,Electronics,25,387.18,0.05,211.57
205,2024-06-11,East,Sophia,Headphones,Electronics,3,103.38,0.1,42.65
206,2024-01-31,West,Eva,Laptop,Electronics,17,1322.02,0.05,1119.18
207,2024-05-02,North,Bob,Desk,Furniture,29,142.4,0.1,179.16
208,2024-04-28,West,Liam,Desk,Furniture,10,209.43,0,88.44
209,2024-02-09,South,Eva,Headphones,Electronics,17,145.16,0.05,45.6
210,2024-04-22,East,Bob,Monitor,Electronics,8,405.08,0,179.83
211,2024-06-03,East,Bob,Chair,Furniture,12,121.93,0.12,99.44
212,2024-04-13,North,David,Desk,Furniture,1,209.77,0.12,101.26
213,2024-02-01,North,Bob,Monitor,Electronics,4,266.28,0.05,262.02
214,2024-01-30,South,Eva,Monitor,Electronics,7,256.0,0.12,286.06
215,2024-04-25,North,Liam,Keyboard,Accessories,27,48.45,0.12,32.83
216,2024-01-17,South,David,Chair,Furniture,30,78.67,0.15,77.23
217,2024-06-02,East,David,Mouse,Accessories,8,24.26,0.15,14.02
218,2024-01-21,South,Bob,Desk,Furniture,5,156.54,0.2,85.06
219,2024-01-28,South,David,Keyboard,Accessories,2,46.58,0.05,31.81
220,2024-06-04,South,Alice,Monitor,Electronics,3,258.69,0.2,153.42
221,2024-05-03,North,Eva,Monitor,Electronics,27,320.7,0.2,284.41
222,2024-02-09,East,David,Headphones,Electronics,29,117.92,0,82.95
223,2024-06-20,East,Alice,Chair,Furniture,12,151.92,0.2,50.69
224,2024-03-15,South,Sophia,Monitor,Electronics,23,417.49,0.2,206.95
225,2024-02-01,North,Charlie,Headphones,Electronics,3,124.36,0.15,82.54
226,2024-06-13,East,David,Laptop,Electronics,10,1261.86,0.1,1275.88
227,2024-02-28,North,Bob,Mouse,Accessories,8,27.4,0.1,15.22
228,2024-06-27,North,Sophia,Desk,Furniture,11,208.26,0.15,146.57
229,2024-06-26,East,Bob,Mouse,Accessories,18,27.21,0.12,18.37
230,2024-06-04,South,Charlie,Monitor,Electronics,23,289.84,0.1,150.89
231,2024-03-20,West,David,Mouse,Accessories,15,18.31,0.1,16.8
232,2024-05-22,North,Liam,Headphones,Electronics,21,134.65,0.05,45.29
233,2024-03-05,North,Liam,Keyboard,Accessories,12,53.37,0.1,24.0
234,2024-05-15,East,David,Chair,Furniture,16,76.45,0.1,69.56
235,2024-04-10,North,Charlie,Laptop,Electronics,1,1605.81,0.05,1318.58
236,2024-03-02,South,Charlie,Monitor,Electronics,15,318.71,0.05,225.91
237,2024-02-02,East,Eva,Mouse,Accessories,3,20.88,0.15,15.01
238,2024-01-19,East,Liam,Headphones,Electronics,25,69.57,0,67.54
239,2024-05-10,South,Charlie,Headphones,Electronics,16,89.16,0.2,42.95
240,2024-04-12,East,Sophia,Keyboard,Accessories,3,51.34,0.2,26.52
241,2024-01-21,West,Bob,Mouse,Accessories,13,24.11,0.2,12.58
242,2024-02-20,South,David,Desk,Furniture,13,243.62,0.2,176.78
243,2024-03-12,East,Liam,Desk,Furniture,17,255.01,0,92.83
244,2024-05-29,North,David,Mouse,Accessories,1,23.69,0.05,16.37
245,2024-02-28,East,Sophia,Headphones,Electronics,20,68.88,0.2,86.19
246,2024-04-01,East,Liam,Monitor,Electronics,27,325.75,0.1,187.86
247,2024-06-14,West,Bob,Chair,Furniture,8,123.46,0.1,74.42
248,2024-03-25,North,Alice,Monitor,Electronics,29,412.14,0,207.71
249,2024-03-11,East,David,Headphones,Electronics,11,79.6,0.12,81.74
250,2024-04-11,East,Liam,Monitor,Electronics,5,366.49,0.1,292.81
251,2024-04-10,South,Bob,Laptop,Electronics,15,1294.6,0.05,996.81
252,2024-03-03,East,Charlie,Keyboard,Accessories,13,38.86,0.1,22.61
253,2024-05-13,East,Alice,Mouse,Accessories,4,21.46,0,17.03
254,2024-02-05,West,Liam,Desk,Furniture,1,141.47,0.15,179.03
255,2024-03-20,South,Alice,Keyboard,Accessories,14,52.01,0.15,34.23
256,2024-03-17,North,Bob,Headphones,Electronics,16,129.85,0,88.24
257,2024-02-18,North,Liam,Chair,Furniture,13,135.49,0.15,86.26
258,2024-05-19,East,Bob,Headphones,Electronics,19,144.92,0.2,67.79
259,2024-05-13,South,Liam,Monitor,Electronics,26,307.02,0,218.11
260,2024-03-07,West,Alice,Keyboard,Accessories,9,48.35,0.12,27.84
261,2024-03-30,South,Bob,Headphones,Electronics,29,109.42,0.1,67.43
262,2024-05-12,East,Liam,Monitor,Electronics,23,415.02,0.05,269.44
263,2024-02-19,North,Sophia,Mouse,Accessories,18,27.05,0.12,11.01
264,2024-05-04,West,David,Keyboard,Accessories,16,53.73,0.2,22.21
265,2024-03-29,North,Bob,Keyboard,Accessories,6,42.04,0.1,30.91
266,2024-04-02,North,David,Headphones,Electronics,4,99.46,0.05,42.1
267,2024-03-23,West,Alice,Monitor,Electronics,22,423.95,0,295.55
268,2024-05-04,South,Liam,Monitor,Electronics,23,293.22,0.15,254.77
269,2024-04-13,East,Liam,Monitor,Electronics,12,431.86,0,260.69
270,2024-06-09,North,Bob,Desk,Furniture,2,268.86,0,165.51
271,2024-06-22,West,Charlie,Keyboard,Accessories,13,47.59,0.05,34.31
272,2024-05-14,West,Liam,Headphones,Electronics,21,62.62,0,86.49
273,2024-06-29,East,Alice,Mouse,Accessories,2,17.56,0,11.89
274,2024-01-11,West,David,Desk,Furniture,8,219.27,0,106.62
275,2024-05-07,East,Sophia,Laptop,Electronics,13,1406.16,0.05,1038.69
276,2024-03-15,South,Bob,Mouse,Accessories,16,16.5,0.1,11.44
277,2024-02-15,East,Liam,Headphones,Electronics,24,138.46,0.15,56.13
278,2024-04-22,North,Sophia,Monitor,Electronics,13,395.78,0.12,244.28
279,2024-03-10,South,Charlie,Chair,Furniture,3,149.2,0.12,53.12
280,2024-06-02,East,Bob,Desk,Furniture,20,159.72,0.12,87.71
281,2024-04-11,North,David,Laptop,Electronics,20,1250.32,0.15,1371.79
282,2024-04-07,South,David,Chair,Furniture,6,90.92,0.2,52.12
283,2024-03-03,South,Bob,Keyboard,Accessories,12,42.24,0.15,24.76
284,2024-03-17,North,Sophia,Monitor,Electronics,23,262.33,0,200.68
285,2024-06-03,North,David,Mouse,Accessories,4,29.61,0,11.7
286,2024-03-15,North,Liam,Chair,Furniture,20,125.14,0.12,91.85
287,2024-01-29,North,Eva,Monitor,Electronics,27,290.21,0,200.29
288,2024-01-17,East,Alice,Keyboard,Accessories,17,38.85,0.2,31.37
289,2024-04-23,East,Charlie,Headphones,Electronics,5,112.84,0.2,48.5
290,2024-04-21,South,David,Laptop,Electronics,11,1412.95,0.1,1332.44
291,2024-04-19,North,David,Keyboard,Accessories,13,36.16,0.12,26.84
292,2024-06-03,North,Eva,Keyboard,Accessories,2,52.31,0.2,21.66
293,2024-04-09,North,David,Monitor,Electronics,16,317.44,0,195.76
294,2024-06-29,West,Liam,Headphones,Electronics,1,70.78,0.15,55.23
295,2024-02-20,West,Alice,Monitor,Electronics,26,415.06,0,265.93
296,2024-06-26,South,Bob,Laptop,Electronics,16,1599.43,0.05,941.08
297,2024-05-20,South,Bob,Laptop,Electronics,29,1207.55,0.1,1331.82
298,2024-04-30,East,Sophia,Monitor,Electronics,11,300.94,0.05,156.6
299,2024-06-15,West,Charlie,Laptop,Electronics,1,1556.67,0.15,985.06
300,2024-06-08,East,Liam,Monitor,Electronics,17,338.75,0.1,273.81
301,2024-05-26,South,Eva,Chair,Furniture,19,126.5,0.05,83.97
302,2024-05-13,East,Eva,Mouse,Accessories,12,23.81,0,17.77
303,2024-02-06,South,Charlie,Headphones,Electronics,3,72.07,0.2,55.29
304,2024-03-17,North,Alice,Desk,Furniture,20,174.51,0.05,114.08
305,2024-03-13,West,Liam,Mouse,Accessories,8,15.67,0.2,18.22
306,2024-03-24,North,Alice,Desk,Furniture,14,165.87,0.12,155.18
307,2024-06-09,West,Sophia,Headphones,Electronics,3,60.66,0.12,80.68
308,2024-05-04,North,Sophia,Monitor,Electronics,18,422.13,0.2,206.02
309,2024-03-30,North,Sophia,Mouse,Accessories,1,28.26,0,16.08
310,2024-03-02,East,Liam,Monitor,Electronics,8,288.97,0,269.48
311,2024-04-20,East,Sophia,Monitor,Electronics,26,295.21,0.2,279.01
312,2024-04-22,North,David,Chair,Furniture,9,101.08,0.12,60.31
313,2024-03-20,South,Liam,Headphones,Electronics,19,64.45,0.1,72.9
314,2024-04-03,East,Liam,Desk,Furniture,27,151.38,0.05,124.14
315,2024-04-06,North,David,Headphones,Electronics,2,103.9,0.2,44.42
316,2024-05-21,East,Sophia,Keyboard,Accessories,16,49.43,0.12,22.24
317,2024-04-26,West,Liam,Headphones,Electronics,9,124.19,0.1,63.22
318,2024-05-16,North,Eva,Chair,Furniture,20,112.95,0.2,87.82
319,2024-03-21,West,David,Headphones,Electronics,22,137.12,0.12,85.04
320,2024-04-25,East,Alice,Headphones,Electronics,5,107.55,0.12,61.44
321,2024-01-18,South,David,Chair,Furniture,7,154.87,0.12,46.91
322,2024-06-23,East,David,Monitor,Electronics,26,304.54,0.12,168.38
323,2024-02-09,West,Bob,Keyboard,Accessories,2,41.46,0.2,20.89
324,2024-02-21,West,Liam,Chair,Furniture,19,94.0,0.05,64.85
325,2024-04-01,North,Liam,Laptop,Electronics,18,1588.53,0.12,960.18
326,2024-02-14,North,Liam,Laptop,Electronics,16,1181.21,0.1,1234.47
327,2024-01-05,East,Alice,Desk,Furniture,28,185.45,0.1,92.27
328,2024-01-15,North,Liam,Chair,Furniture,24,106.01,0,45.0
329,2024-02-16,North,David,Chair,Furniture,26,81.02,0.05,67.54
330,2024-05-14,North,Liam,Desk,Furniture,14,242.59,0.12,119.85
331,2024-03-26,West,Bob,Desk,Furniture,12,279.29,0.05,147.42
332,2024-05-25,North,Charlie,Desk,Furniture,16,206.39,0.05,161.1
333,2024-05-08,West,Bob,Mouse,Accessories,17,29.67,0.1,10.48
334,2024-04-17,West,Liam,Laptop,Electronics,25,1321.02,0.12,986.29
335,2024-01-22,East,Bob,Monitor,Electronics,6,421.53,0.2,181.2
336,2024-04-07,North,Bob,Desk,Furniture,5,209.54,0.2,152.08
337,2024-06-06,West,Eva,Headphones,Electronics,13,138.19,0.1,64.38
338,2024-06-14,North,Alice,Desk,Furniture,1,261.91,0.15,178.92
339,2024-01-25,North,David,Monitor,Electronics,21,332.52,0.05,277.95
340,2024-04-28,North,Bob,Headphones,Electronics,10,98.15,0.12,59.72
341,2024-02-07,East,Sophia,Mouse,Accessories,9,21.16,0.15,16.83
342,2024-04-17,West,Alice,Headphones,Electronics,13,109.77,0.05,59.26
343,2024-03-24,East,Charlie,Keyboard,Accessories,8,52.75,0.05,29.44
344,2024-01-21,South,Eva,Headphones,Electronics,26,84.1,0.15,81.17
345,2024-05-29,South,Sophia,Monitor,Electronics,16,340.6,0.15,233.6
346,2024-05-06,North,Liam,Keyboard,Accessories,15,43.04,0.1,29.43
347,2024-04-23,East,David,Chair,Furniture,19,73.17,0.05,61.32
348,2024-01-08,North,Bob,Keyboard,Accessories,13,54.61,0.2,26.49
349,2024-03-26,East,Eva,Keyboard,Accessories,7,45.03,0.05,21.75
350,2024-06-29,West,Liam,Chair,Furniture,19,123.94,0.2,66.3
351,2024-06-19,South,David,Headphones,Electronics,3,135.82,0.05,63.7
352,2024-01-16,North,Liam,Desk,Furniture,17,174.78,0.1,148.29
353,2024-03-21,East,Alice,Monitor,Electronics,14,258.82,0,188.45
354,2024-02-26,South,Sophia,Laptop,Electronics,16,1180.43,0,923.32
355,2024-06-29,East,Liam,Monitor,Electronics,4,370.35,0.12,233.94
356,2024-01-27,North,Liam,Keyboard,Accessories,28,36.2,0.12,28.34
357,2024-05-18,South,David,Chair,Furniture,13,121.28,0.12,62.5
358,2024-04-16,North,Charlie,Keyboard,Accessories,7,41.36,0.05,31.6
359,2024-02-07,North,Charlie,Laptop,Electronics,29,1661.36,0.1,1384.57
360,2024-06-04,East,Bob,Desk,Furniture,23,175.09,0.05,149.62
361,2024-03-17,West,Eva,Desk,Furniture,26,216.3,0.12,87.62
362,2024-03-19,East,Liam,Headphones,Electronics,13,62.25,0.1,54.26
363,2024-06-06,North,Bob,Mouse,Accessories,19,21.28,0.12,14.52
364,2024-01-12,East,Bob,Mouse,Accessories,27,17.02,0.2,17.32
365,2024-02-08,South,Eva,Headphones,Electronics,4,139.55,0,84.97
366,2024-05-26,South,Sophia,Desk,Furniture,22,231.25,0.05,124.06
367,2024-06-15,West,Bob,Headphones,Electronics,15,87.09,0.2,45.9
368,2024-02-07,West,David,Keyboard,Accessories,30,36.67,0,32.31
369,2024-01-19,West,David,Chair,Furniture,12,148.72,0,67.85
370,2024-06-20,South,David,Laptop,Electronics,21,1151.02,0.12,1160.14
371,2024-03-05,South,Charlie,Mouse,Accessories,5,25.52,0.1,19.47
372,2024-03-22,East,Alice,Monitor,Electronics,21,364.1,0.2,295.72
373,2024-05-18,West,Liam,Chair,Furniture,19,123.39,0.1,40.52
374,2024-03-12,West,Liam,Mouse,Accessories,11,15.09,0.15,18.08
375,2024-01-12,West,Charlie,Mouse,Accessories,23,18.38,0,17.92
376,2024-06-08,South,David,Keyboard,Accessories,28,54.33,0.1,27.62
377,2024-02-02,South,Alice,Keyboard,Accessories,7,53.68,0,26.89
378,2024-04-03,West,David,Keyboard,Accessories,1,41.27,0,26.35
379,2024-02-20,North,Alice,Desk,Furniture,2,291.35,0.1,152.96
380,2024-01-01,South,Eva,Keyboard,Accessories,20,36.81,0.1,21.71
381,2024-03-26,East,Charlie,Headphones,Electronics,3,126.84,0.2,57.8
382,2024-04-23,East,Liam,Mouse,Accessories,17,16.24,0.1,13.72
383,2024-04-03,South,Liam,Monitor,Electronics,26,254.91,0.12,257.95
384,2024-02-20,West,Liam,Mouse,Accessories,1,24.19,0.15,12.15
385,2024-06-11,West,Eva,Laptop,Electronics,28,1160.67,0.1,1389.62
386,2024-06-13,North,Charlie,Monitor,Electronics,14,329.77,0.15,235.07
387,2024-01-15,West,Liam,Chair,Furniture,12,89.35,0.2,50.06
388,2024-04-12,North,Bob,Keyboard,Accessories,16,49.19,0.2,33.15
389,2024-04-01,West,Sophia,Desk,Furniture,16,211.19,0.15,164.15
390,2024-02-02,East,Bob,Monitor,Electronics,9,273.44,0.12,182.07
391,2024-03-30,East,Bob,Laptop,Electronics,14,1211.12,0.1,1232.7
392,2024-04-25,West,Liam,Monitor,Electronics,16,376.72,0,280.53
393,2024-05-13,East,Eva,Chair,Furniture,8,136.04,0,77.84
394,2024-06-22,South,Bob,Desk,Furniture,11,155.18,0.1,114.99
395,2024-03-24,North,David,Headphones,Electronics,13,70.77,0.15,82.0
396,2024-03-28,South,Liam,Mouse,Accessories,2,29.11,0,11.37
397,2024-05-26,South,Liam,Headphones,Electronics,12,143.12,0.12,71.96
398,2024-03-14,North,Eva,Mouse,Accessories,10,28.9,0.12,15.19
399,2024-03-05,North,David,Headphones,Electronics,5,125.6,0,70.66
400,2024-01-13,West,Sophia,Headphones,Electronics,23,112.65,0.2,70.89
401,2024-06-28,West,Liam,Monitor,Electronics,14,326.96,0.05,183.1
402,2024-05-05,North,Bob,Headphones,Electronics,2,142.31,0.15,66.42
403,2024-05-15,West,Alice,Keyboard,Accessories,20,46.21,0.05,23.55
404,2024-02-15,East,Eva,Mouse,Accessories,5,26.68,0.05,11.17
405,2024-04-19,East,Bob,Keyboard,Accessories,24,37.07,0.1,30.48
406,2024-03-18,North,Liam,Keyboard,Accessories,13,44.04,0,21.71
407,2024-05-02,West,Bob,Monitor,Electronics,16,362.18,0.2,202.03
408,2024-02-19,North,Bob,Monitor,Electronics,19,386.76,0.15,210.32
409,2024-03-18,North,David,Laptop,Electronics,28,1791.17,0,1204.45
410,2024-05-30,North,David,Monitor,Electronics,9,439.57,0.15,255.21
411,2024-05-19,South,David,Chair,Furniture,29,158.85,0.05,81.36
412,2024-03-14,East,Bob,Monitor,Electronics,26,265.68,0.12,247.81
413,2024-02-12,East,Alice,Monitor,Electronics,25,252.9,0.15,236.67
414,2024-04-10,West,Eva,Monitor,Electronics,15,316.57,0.05,178.61
415,2024-06-20,West,Alice,Chair,Furniture,25,113.83,0.2,87.41
416,2024-02-15,North,David,Headphones,Electronics,26,137.54,0.2,57.62
417,2024-01-13,West,David,Keyboard,Accessories,22,38.55,0.1,22.69
418,2024-01-18,West,Sophia,Chair,Furniture,9,82.65,0.1,79.83
419,2024-01-26,North,Charlie,Mouse,Accessories,25,24.59,0,13.24
420,2024-05-08,East,Liam,Keyboard,Accessories,7,50.73,0.05,32.56
421,2024-01-18,East,Alice,Headphones,Electronics,18,134.41,0,52.47
422,2024-06-25,West,Sophia,Laptop,Electronics,25,1380.7,0.1,1391.39
423,2024-06-28,South,Charlie,Chair,Furniture,19,106.56,0.2,84.2
424,2024-03-30,West,Sophia,Monitor,Electronics,26,305.64,0,286.73
425,2024-03-03,East,Charlie,Keyboard,Accessories,1,36.16,0,22.15
426,2024-02-05,West,Alice,Mouse,Accessories,1,28.54,0,19.04
427,2024-05-06,West,Alice,Keyboard,Accessories,16,42.87,0,20.88
428,2024-01-28,North,David,Monitor,Electronics,21,275.55,0.2,189.96
429,2024-03-21,West,Eva,Desk,Furniture,22,234.72,0.15,89.89
430,2024-02-12,North,Sophia,Mouse,Accessories,15,28.36,0.2,13.62
431,2024-04-05,South,David,Mouse,Accessories,19,15.55,0.05,19.33
432,2024-01-14,East,Sophia,Headphones,Electronics,30,68.18,0.2,41.56
433,2024-01-18,South,David,Headphones,Electronics,26,61.71,0.2,85.65
434,2024-06-29,South,Sophia,Desk,Furniture,24,222.65,0,120.39
435,2024-03-15,North,Sophia,Monitor,Electronics,22,334.68,0,167.62
436,2024-06-12,North,Charlie,Headphones,Electronics,19,83.25,0.1,78.3
437,2024-01-24,North,Charlie,Laptop,Electronics,21,1616.18,0.05,1019.57
438,2024-05-23,South,Alice,Chair,Furniture,7,118.6,0.2,58.74
439,2024-04-11,West,Bob,Laptop,Electronics,30,1642.29,0.15,1301.74
440,2024-05-11,South,Eva,Laptop,Electronics,26,1389.62,0.1,1226.07
441,2024-02-16,West,Alice,Keyboard,Accessories,7,52.86,0.2,29.61
442,2024-02-02,East,Sophia,Chair,Furniture,18,116.46,0.2,93.7
443,2024-05-12,East,Alice,Mouse,Accessories,28,22.62,0.12,19.88
444,2024-01-25,West,Bob,Mouse,Accessories,12,22.41,0,10.98
445,2024-01-09,South,Liam,Desk,Furniture,11,253.63,0.2,99.06
446,2024-01-26,East,Eva,Headphones,Electronics,16,64.96,0.12,78.58
447,2024-01-14,East,Liam,Laptop,Electronics,14,1223.48,0,1271.3
448,2024-04-28,East,Bob,Mouse,Accessories,3,21.11,0.2,19.18
449,2024-06-09,West,Bob,Keyboard,Accessories,21,51.73,0,33.87
450,2024-06-02,South,David,Headphones,Electronics,1,113.87,0,79.0
451,2024-04-02,North,Eva,Monitor,Electronics,27,358.32,0.12,259.28
452,2024-05-05,East,Eva,Desk,Furniture,25,214.11,0.2,112.96
453,2024-02-09,East,Charlie,Mouse,Accessories,27,16.9,0.05,17.98
454,2024-01-25,East,Sophia,Laptop,Electronics,27,1262.98,0.1,1027.07
455,2024-05-29,North,Alice,Mouse,Accessories,28,21.2,0,13.29
456,2024-02-01,East,Bob,Desk,Furniture,10,231.6,0.12,115.52
457,2024-03-09,South,Sophia,Mouse,Accessories,4,15.32,0.05,17.33
458,2024-03-25,East,Alice,Keyboard,Accessories,15,51.32,0,27.55
459,2024-02-14,East,Eva,Chair,Furniture,25,79.81,0.12,58.91
460,2024-02-15,North,Liam,Keyboard,Accessories,8,46.78,0.2,21.5
461,2024-02-13,North,Sophia,Laptop,Electronics,3,1115.27,0.05,1151.18
462,2024-06-26,East,Bob,Monitor,Electronics,3,318.32,0.05,216.44
463,2024-01-04,South,Alice,Mouse,Accessories,16,27.56,0.05,14.21
464,2024-03-01,West,Bob,Desk,Furniture,30,293.51,0.15,83.81
465,2024-01-09,West,Liam,Desk,Furniture,25,291.59,0,88.89
466,2024-02-25,East,Eva,Keyboard,Accessories,25,37.9,0.15,20.68
467,2024-03-08,North,Charlie,Chair,Furniture,20,108.74,0.05,63.86
468,2024-05-27,South,Sophia,Laptop,Electronics,11,1453.52,0.05,1250.67
469,2024-01-01,East,Alice,Mouse,Accessories,17,21.53,0.05,20.0
470,2024-04-15,East,Eva,Desk,Furniture,28,263.44,0.12,163.41
471,2024-03-03,West,Alice,Chair,Furniture,29,81.88,0.15,43.56
472,2024-05-30,North,Sophia,Chair,Furniture,11,74.26,0,40.99
473,2024-02-01,North,Alice,Mouse,Accessories,30,20.65,0.2,13.74
474,2024-02-21,East,David,Monitor,Electronics,20,318.68,0.1,181.62
475,2024-06-14,West,Liam,Monitor,Electronics,20,250.68,0.1,256.31
476,2024-03-18,West,Eva,Monitor,Electronics,16,376.71,0.05,159.7
477,2024-02-13,East,Alice,Keyboard,Accessories,18,50.18,0.12,32.53
478,2024-04-03,South,David,Mouse,Accessories,24,22.79,0.12,14.36
479,2024-04-15,South,David,Desk,Furniture,13,180.27,0,168.85
480,2024-05-20,South,Eva,Monitor,Electronics,5,315.5,0.15,203.7
481,2024-06-20,East,David,Desk,Furniture,23,277.22,0.2,86.68
482,2024-01-25,North,David,Monitor,Electronics,21,320.56,0.1,283.04
483,2024-02-21,West,Sophia,Desk,Furniture,30,219.94,0.1,91.44
484,2024-06-18,West,Liam,Laptop,Electronics,26,1208.83,0.05,959.27
485,2024-02-27,South,Sophia,Chair,Furniture,28,137.96,0.15,94.56
486,2024-04-29,East,Eva,Keyboard,Accessories,18,38.0,0.2,26.01
487,2024-05-16,South,Eva,Desk,Furniture,22,206.54,0.2,151.19
488,2024-03-08,East,Eva,Keyboard,Accessories,25,46.39,0.15,26.88
489,2024-05-26,South,Bob,Desk,Furniture,3,249.31,0.2,94.15
490,2024-06-13,West,Eva,Keyboard,Accessories,30,54.85,0.12,20.94
491,2024-03-23,East,Charlie,Headphones,Electronics,3,69.37,0.2,56.88
492,2024-04-22,East,Bob,Laptop,Electronics,29,1233.88,0,1261.89
493,2024-05-22,East,Eva,Headphones,Electronics,8,75.74,0.2,48.36
494,2024-01-12,West,Charlie,Laptop,Electronics,3,1203.63,0.2,976.2
495,2024-02-16,West,Liam,Chair,Furniture,1,87.65,0.12,93.98
496,2024-03-27,North,Eva,Laptop,Electronics,6,1400.72,0,1277.07
497,2024-06-14,East,David,Keyboard,Accessories,14,48.08,0,32.52
498,2024-05-07,North,Alice,Headphones,Electronics,27,143.78,0.12,71.35
499,2024-06-11,West,Eva,Monitor,Electronics,11,320.87,0,281.29
500,2024-02-07,North,Liam,Desk,Furniture,6,158.28,0.05,87.29
501,2024-06-03,South,Eva,Headphones,Electronics,28,108.6,0.12,52.67
502,2024-01-23,East,Charlie,Mouse,Accessories,22,16.98,0.12,10.86
503,2024-02-18,West,Bob,Desk,Furniture,11,232.84,0,177.67
504,2024-06-20,North,Eva,Headphones,Electronics,18,83.83,0.2,71.34
505,2024-04-15,West,Eva,Chair,Furniture,9,158.56,0.12,75.42
506,2024-04-09,North,Liam,Headphones,Electronics,1,139.33,0.12,88.05
507,2024-05-16,South,Charlie,Keyboard,Accessories,20,54.83,0.15,27.09
508,2024-01-18,North,Sophia,Chair,Furniture,21,117.02,0.12,86.24
509,2024-05-18,East,Charlie,Headphones,Electronics,29,109.23,0.1,87.68
510,2024-01-20,South,Bob,Monitor,Electronics,4,309.01,0.12,215.15
511,2024-04-27,West,Bob,Headphones,Electronics,22,94.64,0.2,70.57
512,2024-06-02,East,Charlie,Laptop,Electronics,9,1240.23,0,919.76
513,2024-06-27,North,David,Laptop,Electronics,25,1371.39,0.15,1395.25
514,2024-04-24,East,Eva,Laptop,Electronics,18,1603.99,0.12,1076.09
515,2024-02-15,North,Charlie,Chair,Furniture,2,149.69,0.15,78.56
516,2024-01-07,East,Liam,Mouse,Accessories,17,19.67,0,19.89
517,2024-03-30,North,Sophia,Desk,Furniture,17,222.28,0.05,163.86
518,2024-05-08,North,David,Keyboard,Accessories,11,43.14,0,25.37
519,2024-04-16,East,Alice,Laptop,Electronics,17,1490.94,0.1,1143.52
520,2024-02-14,West,Charlie,Keyboard,Accessories,11,40.04,0.15,22.53
521,2024-01-24,North,Sophia,Mouse,Accessories,26,22.61,0,15.58
522,2024-03-29,South,David,Desk,Furniture,17,292.54,0.2,122.08
523,2024-04-24,West,Sophia,Desk,Furniture,18,255.75,0,166.53
524,2024-04-11,West,Alice,Desk,Furniture,23,219.35,0.1,110.78
525,2024-02-13,East,Alice,Mouse,Accessories,30,24.64,0.2,19.71
526,2024-05-19,North,Alice,Keyboard,Accessories,5,42.94,0.05,21.91
527,2024-06-18,South,David,Keyboard,Accessories,23,42.37,0.2,23.55
528,2024-03-20,West,Eva,Keyboard,Accessories,23,51.04,0.15,34.9
529,2024-04-02,South,Eva,Headphones,Electronics,6,75.06,0.05,43.11
530,2024-05-08,South,David,Chair,Furniture,14,141.27,0.15,63.46
531,2024-03-18,East,Eva,Chair,Furniture,23,140.71,0.1,64.91
532,2024-03-15,West,Eva,Keyboard,Accessories,24,38.59,0,31.6
533,2024-05-18,West,Sophia,Chair,Furniture,16,110.7,0.12,42.59
534,2024-06-10,North,Eva,Chair,Furniture,24,71.1,0.15,70.41
535,2024-04-09,West,Charlie,Chair,Furniture,3,110.06,0.15,64.67
536,2024-02-04,East,Sophia,Mouse,Accessories,7,15.56,0.15,14.29
537,2024-06-30,West,Charlie,Monitor,Electronics,8,257.13,0.12,212.0
538,2024-03-06,North,Liam,Monitor,Electronics,25,406.3,0,212.91
539,2024-04-29,East,Charlie,Headphones,Electronics,8,103.49,0.1,60.69
540,2024-01-24,West,Bob,Headphones,Electronics,3,146.99,0,42.56
541,2024-04-04,South,Charlie,Desk,Furniture,27,206.1,0.12,175.94
542,2024-05-20,West,Eva,Laptop,Electronics,14,1475.06,0.1,1167.77
543,2024-01-22,East,Alice,Mouse,Accessories,22,26.4,0.05,14.63
544,2024-04-04,North,Alice,Monitor,Electronics,28,413.24,0.15,282.42
545,2024-04-24,North,Alice,Laptop,Electronics,2,1551.46,0.05,1149.14
546,2024-03-27,West,Bob,Laptop,Electronics,3,1560.97,0.2,1171.48
547,2024-02-05,North,Sophia,Monitor,Electronics,14,390.12,0.12,279.86
548,2024-02-23,North,Eva,Monitor,Electronics,17,292.07,0.12,181.85
549,2024-04-18,North,Sophia,Headphones,Electronics,7,111.53,0.2,62.24
550,2024-04-21,South,David,Mouse,Accessories,26,23.8,0,15.58
551,2024-04-19,East,Liam,Mouse,Accessories,13,16.2,0.2,10.35
552,2024-01-19,South,Sophia,Chair,Furniture,22,120.95,0.2,56.0
553,2024-03-27,North,Alice,Mouse,Accessories,14,24.53,0.2,14.41
554,2024-06-21,West,Eva,Headphones,Electronics,6,77.93,0.05,40.77
555,2024-03-14,East,Bob,Monitor,Electronics,21,342.72,0.05,169.91
556,2024-05-21,South,Eva,Headphones,Electronics,5,64.71,0,49.97
557,2024-01-08,South,Alice,Mouse,Accessories,2,21.14,0.1,15.26
558,2024-03-30,East,Alice,Headphones,Electronics,11,123.27,0,72.58
559,2024-05-01,East,Liam,Headphones,Electronics,17,130.98,0,67.48
560,2024-06-27,South,Alice,Desk,Furniture,8,227.6,0.2,85.66
561,2024-02-27,North,Sophia,Mouse,Accessories,9,22.29,0,11.84
562,2024-01-18,East,Charlie,Laptop,Electronics,14,1608.96,0.1,966.02
563,2024-06-22,West,David,Desk,Furniture,14,236.96,0,111.87
564,2024-05-19,West,David,Keyboard,Accessories,7,37.8,0.2,29.4
565,2024-04-15,East,Charlie,Laptop,Electronics,24,1116.03,0,1107.23
566,2024-03-09,West,Bob,Keyboard,Accessories,13,41.15,0.12,25.82
567,2024-02-28,South,Liam,Mouse,Accessories,12,24.7,0.15,11.26
568,2024-04-06,East,Eva,Mouse,Accessories,28,18.02,0.12,12.84
569,2024-05-02,South,Alice,Desk,Furniture,25,201.37,0.15,82.23
570,2024-02-01,North,Bob,Keyboard,Accessories,28,40.96,0.12,32.13
571,2024-03-31,South,Alice,Chair,Furniture,23,159.83,0.15,60.66
572,2024-05-03,East,Liam,Laptop,Electronics,21,1339.74,0,1122.04
573,2024-05-03,South,David,Mouse,Accessories,3,20.03,0.12,17.3
574,2024-01-02,South,David,Keyboard,Accessories,9,48.23,0.2,28.12
575,2024-04-28,West,Bob,Headphones,Electronics,11,89.59,0.12,46.75
576,2024-03-14,South,Liam,Laptop,Electronics,21,1239.48,0.1,1149.26
577,2024-06-04,North,David,Desk,Furniture,30,235.09,0.15,173.86
578,2024-02-21,East,Bob,Mouse,Accessories,3,28.44,0.15,16.98
579,2024-02-16,North,Charlie,Desk,Furniture,10,181.39,0.2,118.78
580,2024-05-06,East,Eva,Chair,Furniture,4,139.05,0,40.51
581,2024-06-12,South,Sophia,Keyboard,Accessories,12,39.46,0.2,24.46
582,2024-03-10,West,David,Chair,Furniture,18,158.83,0,53.98
583,2024-02-05,East,Bob,Headphones,Electronics,14,85.58,0.1,84.47
584,2024-01-06,East,Charlie,Desk,Furniture,26,156.18,0.1,95.52
585,2024-05-03,West,Eva,Monitor,Electronics,6,287.78,0,251.06
586,2024-01-01,South,Charlie,Chair,Furniture,22,124.54,0.1,79.33
587,2024-02-02,South,David,Chair,Furniture,7,132.1,0.2,51.06
588,2024-01-23,North,Charlie,Laptop,Electronics,22,1697.0,0.05,1158.59
589,2024-04-30,South,Charlie,Headphones,Electronics,14,102.37,0.1,83.77
590,2024-03-08,West,Alice,Mouse,Accessories,22,23.9,0.12,16.34
591,2024-05-25,South,Bob,Chair,Furniture,18,101.68,0.12,88.93
592,2024-03-08,East,Sophia,Laptop,Electronics,25,1458.12,0.12,1298.9
593,2024-04-29,South,Sophia,Chair,Furniture,20,104.18,0.2,72.73
594,2024-01-10,East,Sophia,Keyboard,Accessories,7,47.3,0.05,28.14
595,2024-02-13,North,Charlie,Laptop,Electronics,14,1662.47,0.12,1208.22
596,2024-02-09,South,Charlie,Headphones,Electronics,20,90.22,0.12,67.26
597,2024-01-15,East,Bob,Monitor,Electronics,22,299.04,0.05,222.8
598,2024-05-21,North,David,Desk,Furniture,10,185.92,0.1,120.89
599,2024-02-13,East,David,Laptop,Electronics,17,1545.54,0,1229.73
600,2024-04-04,North,Sophia,Desk,Furniture,23,140.03,0.15,159.4
601,2024-05-28,South,Liam,Monitor,Electronics,27,390.52,0,254.14
602,2024-05-22,South,Liam,Chair,Furniture,29,119.28,0.1,49.56
603,2024-03-19,North,Liam,Chair,Furniture,25,121.74,0.1,71.97
604,2024-01-31,West,Alice,Desk,Furniture,6,200.05,0.12,114.36
605,2024-04-17,South,Eva,Headphones,Electronics,3,101.43,0,84.81
606,2024-01-15,East,David,Laptop,Electronics,4,1431.67,0.15,1187.98
607,2024-01-19,South,Alice,Mouse,Accessories,22,20.27,0.12,17.94
608,2024-03-26,South,David,Headphones,Electronics,16,142.1,0.15,61.25
609,2024-06-23,North,Liam,Mouse,Accessories,11,19.13,0,16.28
610,2024-02-04,South,Liam,Mouse,Accessories,14,29.49,0.15,17.03
611,2024-03-20,South,Bob,Keyboard,Accessories,11,36.41,0.1,27.21
612,2024-06-06,West,Liam,Laptop,Electronics,16,1655.45,0.12,994.95
613,2024-02-03,South,David,Monitor,Electronics,9,278.64,0.05,256.24
614,2024-06-16,South,Sophia,Headphones,Electronics,8,147.5,0.05,77.58
615,2024-05-05,South,Charlie,Headphones,Electronics,8,91.95,0.05,67.24
616,2024-03-16,North,David,Mouse,Accessories,2,21.62,0.1,13.33
617,2024-02-13,South,Alice,Keyboard,Accessories,26,41.66,0,26.89
618,2024-04-24,West,Alice,Mouse,Accessories,15,19.63,0,13.68
619,2024-04-18,South,Eva,Headphones,Electronics,28,139.72,0.2,65.53
620,2024-06-06,East,David,Keyboard,Accessories,20,53.12,0.05,21.11
621,2024-01-27,North,Liam,Headphones,Electronics,2,62.66,0.12,54.89
622,2024-06-20,North,Liam,Laptop,Electronics,25,1172.82,0.2,1086.4
623,2024-01-14,North,Sophia,Desk,Furniture,25,180.16,0.05,127.51
624,2024-02-02,East,Charlie,Mouse,Accessories,20,24.14,0.2,10.41
625,2024-06-30,South,Eva,Chair,Furniture,4,77.2,0,41.68
626,2024-06-11,South,Alice,Laptop,Electronics,29,1426.35,0,1045.31
627,2024-04-12,East,Alice,Monitor,Electronics,16,436.51,0.12,238.83
628,2024-05-03,East,Sophia,Chair,Furniture,25,90.8,0.2,57.54
629,2024-03-21,West,Eva,Keyboard,Accessories,2,51.5,0,28.56
630,2024-02-01,West,Eva,Keyboard,Accessories,4,37.6,0,30.36
631,2024-06-03,West,Eva,Laptop,Electronics,3,1300.24,0.2,1312.35
632,2024-04-16,East,Eva,Headphones,Electronics,24,146.6,0.15,78.32
633,2024-01-24,North,Bob,Desk,Furniture,19,178.18,0.1,123.18
634,2024-06-09,West,Sophia,Keyboard,Accessories,19,52.17,0.2,34.62
635,2024-06-24,West,Sophia,Chair,Furniture,18,75.94,0.1,94.08
636,2024-02-13,North,Charlie,Chair,Furniture,7,102.81,0,65.91
637,2024-01-17,West,Bob,Keyboard,Accessories,19,36.51,0.1,25.55
638,2024-02-05,East,Sophia,Keyboard,Accessories,9,53.49,0.12,25.14
639,2024-04-03,North,Alice,Desk,Furniture,11,226.9,0.15,98.19
640,2024-02-21,North,Eva,Laptop,Electronics,30,1198.93,0.1,952.8
641,2024-06-08,North,Sophia,Desk,Furniture,25,198.82,0,178.02
642,2024-05-12,North,Eva,Desk,Furniture,8,159.82,0,101.67
643,2024-02-08,North,Eva,Mouse,Accessories,28,23.99,0.15,19.19
644,2024-05-30,West,Alice,Chair,Furniture,8,112.06,0.15,77.79
645,2024-04-23,North,Alice,Headphones,Electronics,10,132.48,0.05,65.56
646,2024-02-22,North,Sophia,Keyboard,Accessories,11,50.9,0.12,25.71
647,2024-06-19,South,Bob,Headphones,Electronics,27,118.96,0.2,78.92
648,2024-06-30,South,Alice,Monitor,Electronics,17,303.81,0.2,208.45
649,2024-01-28,East,Bob,Chair,Furniture,5,145.56,0.1,89.39
650,2024-01-12,North,Liam,Desk,Furniture,24,292.36,0,83.98
651,2024-05-01,South,Charlie,Keyboard,Accessories,17,39.91,0.15,33.82
652,2024-01-20,West,Eva,Keyboard,Accessories,16,47.18,0,25.53
653,2024-06-27,East,Eva,Mouse,Accessories,11,20.74,0.1,10.51
654,2024-02-25,South,Bob,Headphones,Electronics,6,73.42,0.2,78.91
655,2024-06-22,North,Sophia,Chair,Furniture,5,142.99,0.1,40.34
656,2024-05-27,South,Liam,Monitor,Electronics,4,288.99,0.12,157.7
657,2024-04-16,South,Eva,Desk,Furniture,20,149.1,0,113.96
658,2024-05-15,West,Liam,Mouse,Accessories,16,19.03,0,11.25
659,2024-04-21,North,Bob,Keyboard,Accessories,18,50.61,0,34.85
660,2024-04-08,North,Sophia,Monitor,Electronics,22,344.78,0.1,244.13
661,2024-04-15,South,Charlie,Desk,Furniture,27,299.62,0.1,105.56
662,2024-05-05,South,Sophia,Chair,Furniture,8,70.95,0.1,66.69
663,2024-06-18,West,Charlie,Headphones,Electronics,2,126.38,0,63.12
664,2024-03-10,South,David,Monitor,Electronics,15,253.14,0.2,240.42
665,2024-05-26,West,Charlie,Monitor,Electronics,15,341.21,0.12,234.26
666,2024-01-19,East,Eva,Laptop,Electronics,19,1434.3,0.15,1132.1
667,2024-06-23,East,Eva,Headphones,Electronics,12,109.01,0.15,49.31
668,2024-06-19,South,Charlie,Headphones,Electronics,24,89.5,0,57.49
669,2024-04-17,East,Bob,Chair,Furniture,12,124.92,0,82.46
670,2024-01-07,East,Bob,Headphones,Electronics,1,84.88,0.1,65.34
671,2024-03-21,West,Sophia,Laptop,Electronics,29,1270.9,0.1,1043.23
672,2024-04-20,West,Alice,Keyboard,Accessories,30,52.46,0.15,31.27
673,2024-03-19,West,Charlie,Keyboard,Accessories,23,38.04,0.2,31.29
674,2024-05-31,South,Charlie,Chair,Furniture,28,141.42,0.12,99.55
675,2024-06-28,South,Sophia,Headphones,Electronics,10,117.52,0.15,43.83
676,2024-02-01,North,Liam,Laptop,Electronics,22,1574.56,0,1391.19
677,2024-02-05,South,Liam,Monitor,Electronics,30,364.95,0.1,156.37
678,2024-06-11,East,Alice,Keyboard,Accessories,23,41.19,0.15,27.98
679,2024-03-13,North,Bob,Keyboard,Accessories,4,51.0,0.05,28.68
680,2024-04-25,North,David,Keyboard,Accessories,12,37.28,0.1,25.44
681,2024-05-10,East,Liam,Mouse,Accessories,7,28.74,0.2,17.38
682,2024-05-15,South,Alice,Desk,Furniture,4,170.46,0.12,136.3
683,2024-01-02,West,Charlie,Laptop,Electronics,2,1374.5,0.15,1332.19
684,2024-04-04,South,Charlie,Monitor,Electronics,22,420.1,0.15,261.2
685,2024-06-13,East,Liam,Desk,Furniture,8,164.58,0.12,151.08
686,2024-04-02,South,David,Keyboard,Accessories,21,52.49,0.1,34.62
687,2024-05-31,West,David,Laptop,Electronics,21,1698.55,0.1,1093.71
688,2024-01-26,North,Eva,Laptop,Electronics,19,1516.36,0.1,1225.8
689,2024-03-01,East,Bob,Chair,Furniture,23,88.86,0.1,40.26
690,2024-06-08,East,David,Chair,Furniture,23,128.9,0.12,54.24
691,2024-06-09,South,Charlie,Desk,Furniture,9,259.12,0.15,99.05
692,2024-06-26,East,Sophia,Chair,Furniture,4,88.2,0.2,88.89
693,2024-02-18,North,Bob,Mouse,Accessories,27,17.7,0.05,13.57
694,2024-03-01,East,Bob,Keyboard,Accessories,30,43.34,0.2,27.88
695,2024-01-14,West,Alice,Keyboard,Accessories,10,40.74,0.15,29.39
696,2024-02-22,East,Bob,Mouse,Accessories,16,24.15,0.2,13.6
697,2024-03-11,East,Sophia,Monitor,Electronics,8,398.49,0.2,244.17
698,2024-02-09,North,Eva,Mouse,Accessories,14,29.94,0,11.87
699,2024-04-09,West,David,Keyboard,Accessories,16,52.43,0.12,32.0
700,2024-05-10,South,Liam,Monitor,Electronics,25,269.62,0.1,266.71
701,2024-06-09,South,Liam,Laptop,Electronics,27,1210.78,0.2,1122.61
702,2024-01-04,West,Charlie,Headphones,Electronics,4,62.94,0.2,52.58
703,2024-04-28,East,Liam,Keyboard,Accessories,11,43.93,0,27.57
704,2024-05-28,South,David,Keyboard,Accessories,22,37.92,0.12,33.82
705,2024-03-02,North,Bob,Mouse,Accessories,6,20.17,0.05,13.59
706,2024-04-18,East,David,Desk,Furniture,18,270.02,0.15,83.79
707,2024-01-06,South,Charlie,Monitor,Electronics,6,287.64,0.15,280.0
708,2024-04-06,South,Liam,Mouse,Accessories,19,17.82,0,15.88
709,2024-02-07,South,Sophia,Headphones,Electronics,15,108.17,0.15,66.2
710,2024-03-05,East,Sophia,Monitor,Electronics,12,377.04,0.05,255.96
711,2024-03-07,South,Bob,Laptop,Electronics,29,1399.23,0.12,1219.6
712,2024-06-09,West,Alice,Monitor,Electronics,20,438.7,0.12,174.53
713,2024-03-31,East,Sophia,Chair,Furniture,4,72.79,0.1,93.38
714,2024-01-01,East,David,Chair,Furniture,30,90.48,0.1,78.57
715,2024-06-18,East,Charlie,Mouse,Accessories,29,29.88,0,14.0
716,2024-03-12,West,David,Headphones,Electronics,10,102.72,0.12,60.35
717,2024-01-29,East,Sophia,Laptop,Electronics,28,1777.02,0.1,1195.77
718,2024-03-06,South,Charlie,Desk,Furniture,30,168.31,0.15,92.82
719,2024-03-09,South,Charlie,Headphones,Electronics,16,109.75,0.12,54.03
720,2024-02-09,East,Charlie,Chair,Furniture,27,119.09,0.2,71.14
721,2024-05-02,West,Charlie,Laptop,Electronics,3,1667.77,0,1278.7
722,2024-04-26,East,Liam,Keyboard,Accessories,22,51.64,0.05,30.29
723,2024-01-14,East,Liam,Headphones,Electronics,4,78.08,0.15,48.92
724,2024-06-12,East,Alice,Headphones,Electronics,26,132.65,0.1,51.18
725,2024-04-15,South,Alice,Mouse,Accessories,8,21.18,0.1,12.43
726,2024-01-21,South,David,Laptop,Electronics,10,1202.27,0.15,1308.77
727,2024-06-26,East,Charlie,Keyboard,Accessories,9,53.03,0.12,27.84
728,2024-03-07,West,Eva,Laptop,Electronics,26,1624.33,0.1,1033.9
729,2024-05-09,South,Alice,Mouse,Accessories,27,16.97,0.15,12.53
730,2024-03-03,West,Charlie,Monitor,Electronics,9,311.41,0,205.94
731,2024-06-11,South,Sophia,Chair,Furniture,22,78.56,0.1,94.48
732,2024-01-24,East,Eva,Chair,Furniture,8,101.58,0.2,41.25
733,2024-01-23,North,Liam,Keyboard,Accessories,13,40.6,0.15,31.95
734,2024-04-01,West,Eva,Headphones,Electronics,29,66.46,0.1,53.21
735,2024-01-30,North,Alice,Chair,Furniture,22,73.29,0.05,56.82
736,2024-01-18,North,Alice,Desk,Furniture,20,285.88,0.2,166.87
737,2024-02-11,South,David,Headphones,Electronics,7,138.13,0.15,68.03
738,2024-06-05,South,Alice,Laptop,Electronics,19,1628.91,0.05,976.09
739,2024-06-18,East,Liam,Monitor,Electronics,1,338.09,0.12,274.09
740,2024-06-15,South,Liam,Keyboard,Accessories,12,48.25,0.15,23.52
741,2024-02-15,West,David,Laptop,Electronics,21,1263.48,0.05,1105.46
742,2024-05-20,West,Alice,Desk,Furniture,16,156.62,0.1,109.03
743,2024-02-17,West,David,Headphones,Electronics,20,141.06,0.15,72.87
744,2024-02-06,North,Bob,Monitor,Electronics,12,282.71,0.12,221.08
745,2024-01-11,West,David,Laptop,Electronics,28,1751.67,0.05,1148.91
746,2024-03-02,South,Charlie,Mouse,Accessories,7,29.3,0.12,16.51
747,2024-05-07,East,Charlie,Monitor,Electronics,18,275.76,0.05,254.98
748,2024-02-05,South,Alice,Desk,Furniture,4,171.56,0.12,123.13
749,2024-06-16,West,David,Laptop,Electronics,7,1412.34,0.15,1017.07
750,2024-01-26,North,Eva,Mouse,Accessories,30,26.56,0.2,19.07
751,2024-01-08,East,Liam,Mouse,Accessories,30,19.47,0.2,10.39
752,2024-06-08,South,Eva,Desk,Furniture,26,263.31,0.15,84.3
753,2024-06-17,North,Sophia,Keyboard,Accessories,19,50.36,0,33.03
754,2024-03-05,East,Alice,Monitor,Electronics,12,310.51,0.1,184.53
755,2024-03-15,South,Charlie,Headphones,Electronics,11,142.37,0.15,50.62
756,2024-05-02,West,Bob,Keyboard,Accessories,19,52.39,0.05,31.72
757,2024-05-16,East,David,Chair,Furniture,27,85.2,0,80.03
758,2024-01-31,North,Eva,Headphones,Electronics,4,63.39,0.1,70.72
759,2024-06-16,South,Liam,Chair,Furniture,24,143.58,0.1,92.18
760,2024-06-16,West,Sophia,Mouse,Accessories,22,20.61,0.1,18.35
761,2024-01-08,East,Sophia,Keyboard,Accessories,11,44.61,0,21.94
762,2024-03-05,North,Liam,Chair,Furniture,16,86.39,0.1,63.59
763,2024-05-15,West,David,Monitor,Electronics,5,258.04,0.1,280.97
764,2024-05-18,West,Eva,Chair,Furniture,8,110.95,0.05,79.4
765,2024-03-03,West,Eva,Headphones,Electronics,15,119.45,0.12,43.74
766,2024-01-07,South,Bob,Monitor,Electronics,19,347.44,0,183.35
767,2024-06-01,West,Charlie,Desk,Furniture,17,261.8,0.12,83.61
768,2024-02-21,South,Liam,Chair,Furniture,17,76.98,0.2,84.61
769,2024-03-02,East,David,Monitor,Electronics,27,252.74,0.1,235.57
770,2024-03-28,South,Sophia,Desk,Furniture,21,252.19,0.2,166.02
771,2024-02-15,East,Liam,Desk,Furniture,4,207.84,0.15,122.16
772,2024-06-13,East,Bob,Keyboard,Accessories,28,51.08,0,22.85
773,2024-04-16,South,Charlie,Chair,Furniture,4,105.2,0.1,64.98
774,2024-05-11,South,Bob,Laptop,Electronics,30,1614.44,0.1,1118.42
775,2024-04-25,East,Charlie,Keyboard,Accessories,13,54.41,0.05,33.77
776,2024-04-11,West,Liam,Keyboard,Accessories,29,52.46,0.05,24.42
777,2024-03-04,East,David,Keyboard,Accessories,29,54.23,0,23.29
778,2024-06-17,South,Bob,Headphones,Electronics,14,111.56,0.05,74.81
779,2024-03-28,West,Sophia,Headphones,Electronics,9,120.8,0.12,63.88
780,2024-06-13,East,David,Monitor,Electronics,24,347.18,0.1,218.99
781,2024-02-29,East,Bob,Laptop,Electronics,2,1108.02,0.15,1186.64
782,2024-05-09,West,Eva,Headphones,Electronics,6,90.91,0,68.32
783,2024-03-16,East,Charlie,Chair,Furniture,12,109.49,0.15,70.91
784,2024-02-06,South,Liam,Keyboard,Accessories,24,45.42,0.2,33.94
785,2024-05-19,East,Liam,Chair,Furniture,15,159.81,0.2,55.22
786,2024-02-03,East,Sophia,Headphones,Electronics,11,108.89,0.1,76.07
787,2024-05-30,West,Charlie,Chair,Furniture,26,112.03,0.05,54.19
788,2024-05-25,North,Charlie,Headphones,Electronics,17,134.19,0.15,70.96
789,2024-03-18,North,Alice,Mouse,Accessories,8,28.02,0.05,14.43
790,2024-06-28,North,Bob,Headphones,Electronics,6,62.61,0.15,82.99
791,2024-03-06,East,Bob,Monitor,Electronics,27,419.77,0.05,195.09
792,2024-04-10,East,Sophia,Chair,Furniture,6,104.61,0,88.77
793,2024-05-18,West,Charlie,Mouse,Accessories,1,26.59,0.15,18.74
794,2024-01-07,East,Bob,Mouse,Accessories,11,19.68,0.12,18.95
795,2024-02-28,South,Sophia,Laptop,Electronics,25,1678.12,0.12,1296.84
796,2024-06-13,South,David,Keyboard,Accessories,12,42.03,0,22.3
797,2024-03-27,West,Charlie,Desk,Furniture,9,249.42,0,80.42
798,2024-04-19,West,Alice,Chair,Furniture,3,138.8,0.05,63.01
799,2024-04-04,East,Bob,Mouse,Accessories,2,20.39,0.15,10.04
800,2024-03-13,West,Bob,Keyboard,Accessories,15,51.72,0,32.27
801,2024-04-01,East,David,Chair,Furniture,29,95.49,0.05,93.87
802,2024-05-16,West,Liam,Laptop,Electronics,25,1615.01,0.12,1289.03
803,2024-01-13,West,David,Keyboard,Accessories,2,37.1,0.05,29.36
804,2024-02-19,East,Liam,Desk,Furniture,9,233.7,0.1,94.69
805,2024-02-16,West,Sophia,Mouse,Accessories,5,23.64,0.2,12.19
806,2024-03-18,West,Alice,Mouse,Accessories,22,16.96,0,19.95
807,2024-05-26,East,Sophia,Mouse,Accessories,23,28.18,0.12,18.56
808,2024-02-14,West,Alice,Laptop,Electronics,22,1289.76,0,1371.41
809,2024-04-13,East,Bob,Monitor,Electronics,9,381.77,0.1,156.09
810,2024-02-21,North,Bob,Laptop,Electronics,26,1713.23,0.15,911.58
811,2024-03-03,North,Bob,Desk,Furniture,21,201.58,0.15,112.94
812,2024-02-04,East,Liam,Headphones,Electronics,16,90.64,0.15,54.43
813,2024-02-26,East,Bob,Laptop,Electronics,30,1432.57,0.05,1218.75
814,2024-06-10,East,Alice,Desk,Furniture,26,214.1,0.12,157.41
815,2024-02-07,South,Liam,Mouse,Accessories,16,25.91,0,18.24
816,2024-04-29,North,Liam,Desk,Furniture,5,239.4,0.2,177.44
817,2024-06-11,East,Charlie,Mouse,Accessories,12,26.02,0.2,16.73
818,2024-05-22,South,David,Chair,Furniture,14,106.6,0.15,48.06
819,2024-03-25,South,Liam,Chair,Furniture,14,117.84,0.2,88.63
820,2024-06-18,West,Eva,Laptop,Electronics,26,1692.55,0.2,1300.67
821,2024-01-24,East,Sophia,Headphones,Electronics,29,147.89,0.12,80.58
822,2024-06-19,North,David,Mouse,Accessories,23,23.03,0.1,13.24
823,2024-01-15,North,Bob,Headphones,Electronics,23,80.05,0.05,60.97
824,2024-03-10,North,Sophia,Chair,Furniture,4,150.35,0.2,60.13
825,2024-06-04,South,Alice,Laptop,Electronics,21,1463.15,0.1,1099.75
826,2024-06-21,West,Alice,Desk,Furniture,28,198.21,0.12,102.9
827,2024-04-24,East,David,Monitor,Electronics,19,301.53,0.1,180.73
828,2024-03-06,East,Eva,Monitor,Electronics,14,274.82,0.1,295.31
829,2024-01-28,East,Charlie,Keyboard,Accessories,8,39.76,0.2,25.59
830,2024-03-26,East,Charlie,Laptop,Electronics,30,1546.82,0.1,1313.47
831,2024-02-10,South,Sophia,Chair,Furniture,10,89.48,0.1,48.89
832,2024-03-10,South,Sophia,Desk,Furniture,18,146.1,0,144.54
833,2024-04-22,West,David,Monitor,Electronics,17,439.68,0.12,299.03
834,2024-02-07,West,Bob,Chair,Furniture,20,150.58,0.1,88.37
835,2024-06-07,South,Sophia,Monitor,Electronics,5,263.15,0.2,231.75
836,2024-01-19,North,Bob,Monitor,Electronics,27,276.66,0,292.89
837,2024-05-01,South,Liam,Desk,Furniture,23,207.45,0.2,163.05
838,2024-06-30,East,Alice,Laptop,Electronics,18,1327.75,0,1285.2
839,2024-01-07,South,David,Headphones,Electronics,19,100.57,0.1,44.11
840,2024-04-10,West,Alice,Laptop,Electronics,18,1514.24,0.12,983.1
841,2024-05-26,West,Liam,Mouse,Accessories,29,22.73,0.2,13.1
842,2024-02-11,West,Alice,Keyboard,Accessories,3,35.53,0.2,24.44
843,2024-05-12,North,Charlie,Headphones,Electronics,22,87.9,0.2,88.41
844,2024-01-15,North,Liam,Chair,Furniture,12,122.49,0.15,41.01
845,2024-04-06,South,Bob,Monitor,Electronics,22,359.33,0,291.71
846,2024-04-27,South,Sophia,Keyboard,Accessories,11,50.59,0,30.41
847,2024-02-08,East,Eva,Keyboard,Accessories,8,45.75,0.15,25.32
848,2024-02-13,East,Alice,Monitor,Electronics,6,365.9,0.15,221.44
849,2024-02-29,East,David,Keyboard,Accessories,16,39.32,0.05,29.68
850,2024-03-03,South,Charlie,Desk,Furniture,2,220.42,0.2,89.99
851,2024-06-29,North,Liam,Laptop,Electronics,30,1782.32,0,952.15
852,2024-02-07,East,Charlie,Laptop,Electronics,10,1707.35,0.1,1252.33
853,2024-01-01,South,Liam,Desk,Furniture,18,173.14,0.15,90.83
854,2024-04-16,West,Alice,Chair,Furniture,26,76.21,0,93.47
855,2024-04-08,North,David,Mouse,Accessories,29,21.36,0.15,16.2
856,2024-05-03,South,Bob,Headphones,Electronics,19,88.2,0.2,71.93
857,2024-04-01,South,Alice,Chair,Furniture,13,139.32,0.12,72.53
858,2024-06-04,North,Sophia,Mouse,Accessories,12,19.38,0.2,11.73
859,2024-05-13,East,Liam,Laptop,Electronics,17,1359.85,0.12,974.83
860,2024-03-08,West,Bob,Mouse,Accessories,11,27.41,0.05,13.01
861,2024-01-14,West,Bob,Mouse,Accessories,8,20.42,0.2,15.09
862,2024-06-03,West,Sophia,Desk,Furniture,6,227.76,0,104.09
863,2024-04-25,West,Liam,Monitor,Electronics,12,326.3,0.15,151.02
864,2024-06-29,West,Liam,Headphones,Electronics,14,87.79,0.15,88.3
865,2024-02-09,South,Liam,Keyboard,Accessories,13,38.82,0.05,24.13
866,2024-01-14,North,Bob,Mouse,Accessories,16,25.9,0.12,15.56
867,2024-05-21,East,Eva,Laptop,Electronics,25,1143.2,0.15,1398.7
868,2024-06-14,South,Liam,Laptop,Electronics,18,1287.75,0,952.62
869,2024-06-13,South,Eva,Laptop,Electronics,26,1352.64,0.12,1326.18
870,2024-02-18,East,Alice,Laptop,Electronics,1,1386.86,0.2,1019.62
871,2024-02-19,South,Eva,Chair,Furniture,4,140.6,0.2,52.1
872,2024-06-21,West,Bob,Headphones,Electronics,11,119.29,0,42.76
873,2024-01-03,West,David,Mouse,Accessories,1,27.01,0.05,18.15
874,2024-02-26,North,Eva,Monitor,Electronics,19,443.67,0.05,287.74
875,2024-06-30,West,Alice,Mouse,Accessories,29,17.31,0.15,10.29
876,2024-01-29,West,David,Laptop,Electronics,2,1247.31,0.12,1178.51
877,2024-04-01,South,Eva,Mouse,Accessories,21,25.79,0,11.32
878,2024-01-19,North,Liam,Headphones,Electronics,15,121.52,0.2,55.3
879,2024-06-16,South,David,Desk,Furniture,20,216.85,0.12,148.73
880,2024-05-04,West,Bob,Headphones,Electronics,26,144.11,0.2,72.74
881,2024-01-04,South,Sophia,Monitor,Electronics,26,266.16,0.12,219.87
882,2024-05-28,West,Alice,Monitor,Electronics,4,396.79,0.2,286.58
883,2024-04-13,East,Bob,Mouse,Accessories,22,27.69,0,11.61
884,2024-06-12,South,Bob,Chair,Furniture,18,86.63,0.1,48.46
885,2024-01-15,East,Eva,Keyboard,Accessories,6,50.7,0.1,24.49
886,2024-02-28,South,Eva,Desk,Furniture,26,291.35,0.2,144.69
887,2024-06-06,East,Alice,Headphones,Electronics,16,143.51,0.05,72.33
888,2024-01-25,East,Charlie,Keyboard,Accessories,23,50.84,0.1,32.87
889,2024-04-19,North,Charlie,Headphones,Electronics,22,122.95,0.15,87.12
890,2024-01-05,West,Liam,Desk,Furniture,20,282.78,0.05,86.08
891,2024-01-04,South,Liam,Mouse,Accessories,13,28.9,0.12,16.13
892,2024-04-20,West,Eva,Monitor,Electronics,23,374.4,0.2,240.77
893,2024-06-01,North,David,Laptop,Electronics,12,1124.37,0.2,1220.59
894,2024-06-07,East,Charlie,Monitor,Electronics,15,437.74,0,251.71
895,2024-02-21,North,Sophia,Desk,Furniture,6,286.93,0.15,97.36
896,2024-02-17,East,Bob,Keyboard,Accessories,16,37.03,0.15,20.33
897,2024-04-08,North,David,Keyboard,Accessories,29,51.04,0.05,27.11
898,2024-06-28,East,Bob,Mouse,Accessories,5,21.87,0.1,15.09
899,2024-04-03,West,Sophia,Headphones,Electronics,23,78.27,0.2,68.85
900,2024-02-17,West,Charlie,Mouse,Accessories,3,27.98,0.1,16.43
901,2024-01-22,West,David,Desk,Furniture,20,232.22,0.05,107.73
902,2024-04-12,South,Bob,Mouse,Accessories,28,23.27,0.1,18.65
903,2024-06-04,South,Eva,Monitor,Electronics,24,366.41,0.2,239.48
904,2024-05-10,North,Eva,Keyboard,Accessories,6,46.95,0.15,31.14
905,2024-05-03,East,Liam,Mouse,Accessories,17,16.27,0.2,18.38
906,2024-03-27,East,Eva,Monitor,Electronics,18,300.07,0.2,237.53
907,2024-05-23,North,Bob,Keyboard,Accessories,6,49.41,0.12,29.29
908,2024-01-14,East,Bob,Laptop,Electronics,4,1232.17,0,968.8
909,2024-01-25,East,Eva,Monitor,Electronics,23,306.82,0.05,208.55
910,2024-03-09,South,Eva,Monitor,Electronics,17,444.84,0.15,296.08
911,2024-01-23,East,Alice,Mouse,Accessories,27,24.63,0.1,10.88
912,2024-02-28,South,Alice,Headphones,Electronics,25,73.51,0.15,56.07
913,2024-03-03,North,Liam,Desk,Furniture,1,152.93,0.2,135.66
914,2024-05-01,West,Bob,Headphones,Electronics,29,141.21,0.2,69.92
915,2024-02-14,East,Bob,Chair,Furniture,21,137.3,0.2,71.66
916,2024-05-11,North,Charlie,Monitor,Electronics,25,294.66,0.12,281.32
917,2024-04-21,South,Sophia,Headphones,Electronics,25,62.33,0.15,66.57
918,2024-02-11,South,Liam,Keyboard,Accessories,21,47.05,0,26.33
919,2024-02-14,North,David,Mouse,Accessories,17,20.41,0.05,18.05
920,2024-05-07,East,Charlie,Mouse,Accessories,21,23.2,0.2,17.45
921,2024-05-07,South,Eva,Headphones,Electronics,25,94.58,0.15,50.07
922,2024-05-08,East,Alice,Keyboard,Accessories,13,45.54,0.15,26.94
923,2024-02-02,West,Sophia,Headphones,Electronics,24,83.26,0.05,72.0
924,2024-03-29,South,Sophia,Monitor,Electronics,12,364.26,0.1,216.25
925,2024-05-29,West,Alice,Headphones,Electronics,9,77.22,0.12,56.82
926,2024-05-07,West,Liam,Keyboard,Accessories,18,49.7,0.1,27.09
927,2024-03-31,West,Eva,Headphones,Electronics,23,142.57,0,77.13
928,2024-04-10,North,Sophia,Desk,Furniture,7,278.66,0,163.17
929,2024-02-06,South,Liam,Headphones,Electronics,13,109.53,0.12,43.07
930,2024-03-06,North,Eva,Headphones,Electronics,6,77.15,0.2,47.51
931,2024-04-08,South,Liam,Keyboard,Accessories,11,39.94,0.15,22.56
932,2024-05-09,North,David,Headphones,Electronics,2,147.0,0.1,84.03
933,2024-01-15,North,Alice,Mouse,Accessories,14,17.46,0.05,18.66
934,2024-04-15,East,Sophia,Mouse,Accessories,21,23.77,0.12,19.46
935,2024-06-28,West,Charlie,Desk,Furniture,28,167.55,0.1,144.29
936,2024-04-28,East,Liam,Keyboard,Accessories,7,35.84,0,20.82
937,2024-01-01,South,Liam,Headphones,Electronics,28,140.56,0,73.68
938,2024-03-23,West,Liam,Headphones,Electronics,29,101.52,0,65.09
939,2024-06-09,North,Sophia,Chair,Furniture,24,139.59,0.2,93.22
940,2024-04-12,East,Alice,Headphones,Electronics,12,128.5,0.2,70.28
941,2024-03-24,North,Alice,Laptop,Electronics,15,1308.36,0,1210.37
942,2024-01-10,South,Bob,Mouse,Accessories,21,16.76,0.05,18.07
943,2024-02-28,South,Eva,Desk,Furniture,29,293.51,0.05,155.33
944,2024-01-26,West,Sophia,Laptop,Electronics,11,1568.41,0.1,1282.86
945,2024-02-24,North,Sophia,Desk,Furniture,20,190.77,0.05,176.32
946,2024-03-10,East,Bob,Chair,Furniture,20,106.31,0.12,50.5
947,2024-01-30,North,Sophia,Mouse,Accessories,5,19.8,0.05,14.25
948,2024-04-20,North,Eva,Chair,Furniture,9,93.06,0.2,86.76
949,2024-05-19,East,Eva,Chair,Furniture,18,106.86,0.1,98.24
950,2024-05-12,East,Alice,Chair,Furniture,4,110.83,0.1,87.05
951,2024-01-08,East,Sophia,Headphones,Electronics,21,120.26,0.12,48.01
952,2024-05-20,South,David,Monitor,Electronics,2,430.43,0.15,191.11
953,2024-03-24,North,Alice,Chair,Furniture,17,121.09,0.12,98.26
954,2024-01-09,West,Alice,Desk,Furniture,8,269.55,0,104.4
955,2024-06-08,East,Sophia,Keyboard,Accessories,13,42.93,0.12,23.53
956,2024-04-28,West,Eva,Chair,Furniture,11,102.34,0,81.56
957,2024-05-03,North,Charlie,Desk,Furniture,9,148.14,0.1,103.41
958,2024-02-24,North,Charlie,Chair,Furniture,9,140.79,0.15,82.0
959,2024-02-14,West,David,Keyboard,Accessories,15,52.6,0.05,25.73
960,2024-03-28,West,Alice,Monitor,Electronics,30,266.8,0.2,276.92
961,2024-02-11,North,Bob,Chair,Furniture,17,87.19,0.15,87.26
962,2024-01-24,West,Bob,Monitor,Electronics,26,328.95,0.2,275.14
963,2024-02-26,South,Charlie,Mouse,Accessories,18,25.59,0.12,17.49
964,2024-01-29,West,David,Laptop,Electronics,30,1436.37,0.05,1062.52
965,2024-03-27,East,David,Laptop,Electronics,22,1481.1,0.05,1296.14
966,2024-02-13,South,David,Desk,Furniture,30,258.44,0.15,109.16
967,2024-06-01,North,Alice,Chair,Furniture,27,114.23,0.15,92.86
968,2024-04-06,North,Charlie,Chair,Furniture,15,102.5,0.2,70.93
969,2024-05-20,North,Alice,Headphones,Electronics,16,106.22,0.05,81.93
970,2024-03-30,East,Sophia,Headphones,Electronics,8,130.77,0.2,45.6
971,2024-05-22,South,Sophia,Mouse,Accessories,1,21.27,0.2,12.39
972,2024-01-05,West,Sophia,Desk,Furniture,9,180.98,0.05,89.03
973,2024-04-16,West,Charlie,Headphones,Electronics,25,101.12,0,45.6
974,2024-01-06,East,Liam,Desk,Furniture,28,296.98,0.1,134.58
975,2024-01-06,South,Eva,Chair,Furniture,29,134.61,0.12,91.86
976,2024-06-18,South,Alice,Desk,Furniture,21,150.04,0.15,80.94
977,2024-05-10,East,Liam,Headphones,Electronics,26,103.95,0.2,44.87
978,2024-02-21,South,Alice,Keyboard,Accessories,10,41.93,0,21.3
979,2024-02-14,West,Charlie,Headphones,Electronics,11,139.75,0.15,41.64
980,2024-03-27,South,Charlie,Monitor,Electronics,3,395.18,0,226.01
981,2024-01-05,East,Sophia,Laptop,Electronics,20,1352.23,0.1,1193.42
982,2024-06-24,East,Charlie,Monitor,Electronics,7,308.25,0.2,176.68
983,2024-06-27,East,Charlie,Laptop,Electronics,17,1526.53,0.2,1253.5
984,2024-02-16,East,Eva,Chair,Furniture,29,139.21,0.05,94.0
985,2024-02-03,East,Bob,Monitor,Electronics,24,310.44,0,248.58
986,2024-01-31,West,Eva,Keyboard,Accessories,23,40.46,0.12,27.36
987,2024-06-26,West,Charlie,Mouse,Accessories,1,27.66,0.15,16.2
988,2024-02-22,South,Charlie,Mouse,Accessories,6,22.14,0.15,17.01
989,2024-03-17,North,Liam,Headphones,Electronics,25,87.44,0.12,66.61
990,2024-03-12,North,Eva,Monitor,Electronics,2,356.34,0.2,192.88
991,2024-05-12,North,Liam,Keyboard,Accessories,17,36.72,0,22.03
992,2024-04-09,South,Eva,Monitor,Electronics,12,321.89,0.05,240.97
993,2024-06-14,East,Sophia,Laptop,Electronics,13,1753.37,0.15,1190.48
994,2024-02-10,North,Charlie,Headphones,Electronics,23,93.85,0.05,52.43
995,2024-03-29,East,Eva,Mouse,Accessories,3,25.47,0.2,12.92
996,2024-03-01,West,Sophia,Desk,Furniture,4,249.45,0.12,144.78
997,2024-04-13,South,Charlie,Mouse,Accessories,26,17.97,0,16.31
998,2024-05-07,East,Sophia,Monitor,Electronics,17,250.94,0,155.99
999,2024-03-31,North,Alice,Mouse,Accessories,12,21.13,0.15,11.07
1000,2024-05-11,West,Eva,Headphones,Electronics,20,98.41,0.15,72.03
1001,2024-04-22,West,David,Desk,Furniture,12,201.08,0.1,121.29
1002,2024-03-18,East,Charlie,Laptop,Electronics,28,1678.65,0.05,1155.98
1003,2024-01-20,North,Charlie,Chair,Furniture,30,142.93,0.15,58.98
1004,2024-06-16,South,Liam,Desk,Furniture,11,178.18,0.2,160.31
1005,2024-05-26,South,Sophia,Monitor,Electronics,23,346.01,0,150.59
1006,2024-06-27,South,Bob,Mouse,Accessories,2,22.32,0.12,14.0
1007,2024-03-20,East,Sophia,Headphones,Electronics,28,132.66,0.12,50.19
1008,2024-01-18,North,Sophia,Chair,Furniture,26,129.07,0.12,67.58
1009,2024-04-13,South,Sophia,Laptop,Electronics,7,1106.07,0.05,1255.22
1010,2024-01-25,East,Eva,Keyboard,Accessories,6,50.97,0.15,27.58
1011,2024-02-16,West,Alice,Monitor,Electronics,8,387.94,0.2,235.37
1012,2024-06-16,East,David,Mouse,Accessories,22,29.3,0.12,14.07
1013,2024-05-24,West,Liam,Laptop,Electronics,15,1606.7,0.1,1130.44
1014,2024-01-03,East,Alice,Chair,Furniture,29,148.24,0.15,86.01
1015,2024-06-22,East,Liam,Monitor,Electronics,30,274.56,0.2,236.85
1016,2024-02-10,East,Liam,Keyboard,Accessories,28,53.87,0.1,32.75
1017,2024-01-18,South,Eva,Keyboard,Accessories,14,46.53,0.12,28.5
1018,2024-03-23,West,Charlie,Mouse,Accessories,4,17.17,0.05,16.25
1019,2024-06-07,North,David,Chair,Furniture,22,88.64,0.12,98.97
1020,2024-03-09,North,David,Mouse,Accessories,19,24.56,0.1,16.19
1021,2024-06-22,South,Sophia,Monitor,Electronics,30,448.76,0.15,209.56
1022,2024-02-24,East,Liam,Keyboard,Accessories,16,48.99,0.15,21.04
1023,2024-01-04,North,Bob,Laptop,Electronics,14,1452.34,0,976.52
1024,2024-06-28,North,Bob,Keyboard,Accessories,25,42.3,0.15,20.44
1025,2024-03-15,East,Charlie,Monitor,Electronics,4,332.26,0.15,174.75
1026,2024-03-26,West,Eva,Mouse,Accessories,10,29.11,0.05,18.6
1027,2024-05-27,North,David,Chair,Furniture,22,159.73,0.05,53.99
1028,2024-04-28,North,Eva,Mouse,Accessories,27,20.13,0.15,16.05
1029,2024-02-21,West,Alice,Mouse,Accessories,6,20.63,0.2,13.16
1030,2024-01-30,East,David,Mouse,Accessories,18,23.01,0.15,17.59
1031,2024-01-31,East,Bob,Chair,Furniture,28,158.97,0.05,77.55
1032,2024-03-03,North,Liam,Monitor,Electronics,17,394.12,0.1,246.83
1033,2024-05-13,West,Sophia,Laptop,Electronics,12,1600.85,0.1,1199.58
1034,2024-05-29,North,Bob,Headphones,Electronics,1,145.24,0.1,78.92
1035,2024-03-14,South,Charlie,Desk,Furniture,30,275.88,0.05,177.42
1036,2024-02-02,North,Sophia,Chair,Furniture,14,78.08,0.05,62.16
1037,2024-04-04,South,Alice,Keyboard,Accessories,25,35.34,0.15,27.49
1038,2024-05-09,East,Eva,Keyboard,Accessories,4,37.42,0.2,24.57
1039,2024-02-19,South,Alice,Headphones,Electronics,19,60.58,0.12,77.57
1040,2024-04-22,West,Liam,Keyboard,Accessories,25,38.77,0.2,30.78
1041,2024-05-23,North,Liam,Monitor,Electronics,15,436.9,0.12,270.51
1042,2024-01-06,North,Sophia,Chair,Furniture,7,84.39,0,85.35
1043,2024-02-11,South,Alice,Chair,Furniture,12,120.05,0.05,60.31
1044,2024-02-28,East,Alice,Keyboard,Accessories,28,49.04,0.05,22.03
1045,2024-02-08,East,Liam,Monitor,Electronics,13,264.9,0.12,284.01
1046,2024-06-11,East,Alice,Headphones,Electronics,16,95.21,0.05,58.15
1047,2024-01-18,West,Charlie,Mouse,Accessories,17,18.57,0,15.21
1048,2024-06-11,South,Bob,Headphones,Electronics,19,112.11,0.12,89.41
1049,2024-04-11,North,Sophia,Chair,Furniture,3,81.66,0.15,75.26
1050,2024-02-08,West,Alice,Laptop,Electronics,19,1769.86,0.12,989.81
1051,2024-06-27,North,Alice,Keyboard,Accessories,5,54.66,0.12,30.12
1052,2024-04-10,West,Bob,Laptop,Electronics,3,1365.0,0.05,1115.51
1053,2024-03-30,North,Sophia,Monitor,Electronics,7,356.74,0.05,201.7
1054,2024-02-02,South,David,Desk,Furniture,25,214.12,0.15,163.92
1055,2024-02-17,West,David,Keyboard,Accessories,9,49.32,0.12,31.56
1056,2024-05-02,North,Liam,Mouse,Accessories,12,18.54,0.15,11.48
1057,2024-01-26,West,Charlie,Desk,Furniture,5,184.26,0.15,160.48
1058,2024-06-02,North,David,Mouse,Accessories,11,28.66,0,13.76
1059,2024-02-29,South,Eva,Monitor,Electronics,23,410.88,0.15,157.27
1060,2024-03-01,East,Liam,Keyboard,Accessories,24,54.49,0.15,34.56
1061,2024-03-05,West,Charlie,Headphones,Electronics,5,66.89,0.15,61.79
1062,2024-03-04,West,Alice,Laptop,Electronics,15,1408.3,0.2,1282.62
1063,2024-05-10,West,Liam,Monitor,Electronics,6,380.49,0.1,203.49
1064,2024-06-28,North,Bob,Laptop,Electronics,9,1190.57,0,1136.63
1065,2024-05-24,North,Eva,Headphones,Electronics,29,118.89,0.12,50.68
1066,2024-06-24,East,Charlie,Desk,Furniture,8,164.27,0.1,170.26
1067,2024-05-07,East,Eva,Monitor,Electronics,2,434.12,0.12,247.1
1068,2024-04-20,North,Eva,Monitor,Electronics,25,418.03,0,264.63
1069,2024-06-17,South,Eva,Mouse,Accessories,20,22.81,0.05,12.58
1070,2024-03-10,South,Sophia,Desk,Furniture,30,194.18,0.15,175.97
1071,2024-06-22,East,Sophia,Monitor,Electronics,11,281.06,0,242.72
1072,2024-01-06,West,Eva,Headphones,Electronics,29,62.95,0.15,84.49
1073,2024-06-17,West,Alice,Headphones,Electronics,9,113.65,0.2,86.6
1074,2024-05-04,North,Bob,Chair,Furniture,1,75.98,0.15,66.87
1075,2024-06-12,East,Liam,Headphones,Electronics,3,88.08,0.15,73.86
1076,2024-06-05,North,David,Mouse,Accessories,2,27.73,0,19.0
1077,2024-01-24,North,David,Keyboard,Accessories,27,35.79,0.1,29.65
1078,2024-01-25,South,Bob,Chair,Furniture,8,91.66,0.2,95.54
1079,2024-04-20,West,Alice,Laptop,Electronics,19,1797.73,0.12,1361.34
1080,2024-04-09,East,Charlie,Keyboard,Accessories,5,47.85,0.1,23.17
1081,2024-05-13,West,Bob,Mouse,Accessories,30,25.99,0.05,15.24
1082,2024-03-05,West,Charlie,Mouse,Accessories,30,17.65,0.05,14.1
1083,2024-06-03,West,Charlie,Chair,Furniture,26,141.73,0.15,86.53
1084,2024-05-08,South,Charlie,Monitor,Electronics,7,299.38,0.1,221.19
1085,2024-06-28,East,Alice,Headphones,Electronics,1,92.84,0.1,64.06
1086,2024-02-26,North,Bob,Desk,Furniture,19,141.96,0.2,169.65
1087,2024-02-04,West,Alice,Laptop,Electronics,5,1496.51,0,913.28
1088,2024-03-29,North,David,Monitor,Electronics,12,422.76,0.15,207.6
1089,2024-01-12,East,Eva,Chair,Furniture,29,159.04,0.1,85.76
1090,2024-01-27,West,Bob,Laptop,Electronics,21,1451.99,0.1,1314.0
1091,2024-01-16,East,Liam,Chair,Furniture,3,71.11,0.05,81.96
1092,2024-02-12,South,Charlie,Chair,Furniture,1,79.25,0.2,62.62
1093,2024-01-19,North,Alice,Headphones,Electronics,1,92.18,0.05,60.43
1094,2024-05-10,South,David,Headphones,Electronics,6,98.02,0.15,51.35
1095,2024-04-23,North,Bob,Desk,Furniture,27,288.86,0,80.19
1096,2024-03-20,West,Eva,Laptop,Electronics,20,1286.79,0.12,1020.37
1097,2024-06-14,East,Alice,Keyboard,Accessories,15,44.1,0,23.28
1098,2024-05-31,East,Eva,Chair,Furniture,30,115.79,0,60.46
1099,2024-03-30,South,David,Mouse,Accessories,28,20.16,0.2,13.81
1100,2024-06-09,West,Eva,Monitor,Electronics,21,305.47,0.1,177.76
1101,2024-05-30,South,Bob,Monitor,Electronics,18,304.97,0.12,228.88
1102,2024-02-14,West,Alice,Keyboard,Accessories,7,43.44,0.05,34.68
1103,2024-01-31,South,Sophia,Mouse,Accessories,21,25.47,0.15,15.59
1104,2024-01-29,East,David,Laptop,Electronics,28,1746.98,0.1,1262.17
1105,2024-05-25,North,Alice,Monitor,Electronics,23,405.97,0.2,228.62
1106,2024-01-16,South,Charlie,Laptop,Electronics,16,1163.69,0.2,967.43
1107,2024-01-16,South,Sophia,Laptop,Electronics,24,1582.2,0.05,1298.99
1108,2024-04-08,South,Alice,Desk,Furniture,12,173.08,0.05,123.54
1109,2024-03-03,West,Liam,Keyboard,Accessories,1,45.4,0.12,21.32
1110,2024-06-12,West,Bob,Desk,Furniture,12,268.9,0.05,127.61
1111,2024-01-03,East,Sophia,Desk,Furniture,25,259.3,0.15,118.44
1112,2024-04-21,East,Bob,Keyboard,Accessories,20,54.65,0.15,28.83
1113,2024-04-01,East,Sophia,Mouse,Accessories,13,22.32,0.1,18.77
1114,2024-04-13,East,David,Monitor,Electronics,4,374.2,0.05,243.38
1115,2024-03-16,South,Liam,Monitor,Electronics,4,387.35,0.2,171.07
1116,2024-04-29,North,Charlie,Headphones,Electronics,5,72.5,0.12,68.9
1117,2024-03-27,South,Eva,Chair,Furniture,11,146.16,0.12,88.3
1118,2024-04-01,West,Alice,Monitor,Electronics,24,373.24,0,180.36
1119,2024-04-24,East,Liam,Keyboard,Accessories,30,47.36,0.12,24.63
1120,2024-06-15,East,David,Desk,Furniture,10,270.79,0.15,169.94
1121,2024-02-03,North,Alice,Chair,Furniture,4,104.51,0,62.58
1122,2024-01-26,South,Eva,Laptop,Electronics,30,1570.52,0.1,1190.9
1123,2024-01-18,South,Liam,Chair,Furniture,23,120.37,0.05,65.71
1124,2024-01-12,East,Eva,Headphones,Electronics,16,61.34,0.1,78.13
1125,2024-06-27,East,David,Monitor,Electronics,8,357.51,0.2,168.59
1126,2024-02-07,East,David,Headphones,Electronics,11,147.61,0.05,44.12
1127,2024-05-02,West,Liam,Keyboard,Accessories,14,43.24,0.12,31.25
1128,2024-04-05,East,Charlie,Desk,Furniture,26,200.33,0.1,143.51
1129,2024-05-06,West,Charlie,Headphones,Electronics,16,118.44,0.12,50.59
1130,2024-06-06,East,David,Monitor,Electronics,25,345.08,0.12,207.68
1131,2024-01-28,South,David,Monitor,Electronics,8,430.05,0.15,210.41
1132,2024-01-03,South,Bob,Monitor,Electronics,27,357.32,0.15,210.44
1133,2024-04-12,West,David,Keyboard,Accessories,25,48.23,0.12,31.6
1134,2024-06-30,East,Alice,Keyboard,Accessories,27,46.86,0.15,31.75
1135,2024-03-03,South,David,Chair,Furniture,14,124.05,0.05,84.71
1136,2024-02-26,East,Liam,Keyboard,Accessories,25,54.87,0.1,33.46
1137,2024-01-02,East,Charlie,Desk,Furniture,3,256.71,0.1,164.04
1138,2024-05-26,West,Eva,Chair,Furniture,23,80.07,0.1,85.05
1139,2024-03-13,North,Sophia,Laptop,Electronics,9,1587.94,0.05,1388.35
1140,2024-06-19,East,David,Mouse,Accessories,13,21.53,0.2,15.61
1141,2024-05-24,West,Charlie,Monitor,Electronics,24,402.78,0.2,176.85
1142,2024-02-01,North,Alice,Keyboard,Accessories,21,41.95,0,26.63
1143,2024-02-25,West,David,Desk,Furniture,25,260.39,0.15,95.73
1144,2024-06-06,South,Eva,Desk,Furniture,11,299.54,0.15,172.57
1145,2024-01-25,West,Alice,Desk,Furniture,24,240.59,0.2,166.11
1146,2024-04-22,West,Bob,Laptop,Electronics,27,1250.17,0.1,969.51
1147,2024-03-03,East,Alice,Monitor,Electronics,13,311.09,0.12,249.17
1148,2024-01-18,South,Sophia,Headphones,Electronics,16,64.49,0.12,41.17
1149,2024-04-03,West,Liam,Desk,Furniture,1,172.69,0.15,115.56
1150,2024-06-30,South,David,Headphones,Electronics,26,93.58,0,85.38
1151,2024-02-07,East,David,Chair,Furniture,21,81.93,0.15,66.73
1152,2024-06-17,West,Eva,Mouse,Accessories,22,24.27,0.05,14.45
1153,2024-02-16,East,Sophia,Mouse,Accessories,14,29.52,0.05,12.19
1154,2024-06-16,South,Eva,Monitor,Electronics,22,286.93,0.1,181.59
1155,2024-06-15,North,Alice,Desk,Furniture,10,272.26,0.1,91.62
1156,2024-06-09,East,Alice,Desk,Furniture,9,264.09,0.1,112.14
1157,2024-03-27,South,Eva,Laptop,Electronics,8,1301.58,0.1,1318.77
1158,2024-01-11,South,Sophia,Headphones,Electronics,12,124.21,0.2,83.87
1159,2024-06-01,East,David,Mouse,Accessories,10,29.08,0.2,14.51
1160,2024-03-07,West,Alice,Keyboard,Accessories,16,43.35,0.2,31.78
1161,2024-02-21,West,Sophia,Desk,Furniture,21,226.35,0.2,113.97
1162,2024-04-25,South,David,Desk,Furniture,7,237.19,0.15,125.15
1163,2024-06-12,West,Liam,Mouse,Accessories,13,15.8,0.1,17.46
1164,2024-06-28,East,Bob,Chair,Furniture,4,129.37,0.2,92.12
1165,2024-01-28,West,Sophia,Mouse,Accessories,4,17.9,0.15,19.03
1166,2024-04-17,West,Eva,Laptop,Electronics,22,1686.44,0.12,1162.72
1167,2024-01-02,South,Eva,Headphones,Electronics,29,103.52,0.12,45.77
1168,2024-04-03,East,Sophia,Laptop,Electronics,30,1770.47,0,1122.49
1169,2024-03-20,West,Sophia,Chair,Furniture,27,95.26,0.05,66.7
1170,2024-06-01,East,Eva,Headphones,Electronics,23,130.33,0,79.23
1171,2024-05-26,North,Charlie,Desk,Furniture,6,164.6,0.05,129.03
1172,2024-03-20,East,Eva,Mouse,Accessories,21,24.92,0.15,19.23
1173,2024-03-10,North,David,Chair,Furniture,9,101.49,0.05,97.1
1174,2024-06-06,North,Alice,Chair,Furniture,3,89.87,0.1,43.17
1175,2024-04-14,West,Alice,Monitor,Electronics,11,260.54,0.2,173.07
1176,2024-02-10,East,Alice,Laptop,Electronics,20,1551.29,0.05,1326.14
1177,2024-06-04,East,David,Monitor,Electronics,27,336.59,0.12,169.63
1178,2024-06-07,South,Bob,Keyboard,Accessories,4,51.95,0.05,26.13
1179,2024-03-05,South,Charlie,Chair,Furniture,25,135.87,0.1,90.19
1180,2024-01-19,South,David,Keyboard,Accessories,6,50.27,0.15,33.71
1181,2024-06-21,East,Charlie,Headphones,Electronics,19,77.6,0.12,74.7
1182,2024-01-03,West,Sophia,Monitor,Electronics,22,429.98,0.2,229.7
1183,2024-06-08,East,Alice,Laptop,Electronics,11,1359.83,0,1352.42
1184,2024-01-20,West,Charlie,Monitor,Electronics,11,412.86,0.15,227.36
1185,2024-01-14,West,Sophia,Desk,Furniture,19,260.93,0.2,159.91
1186,2024-02-04,North,David,Chair,Furniture,4,143.61,0.12,91.42
1187,2024-02-06,South,David,Headphones,Electronics,21,64.42,0.05,88.75
1188,2024-03-28,West,Eva,Laptop,Electronics,3,1449.96,0.12,998.43
1189,2024-04-23,North,Liam,Keyboard,Accessories,28,46.59,0.12,23.58
1190,2024-06-23,North,Liam,Keyboard,Accessories,19,44.1,0.1,24.4
1191,2024-05-22,North,David,Headphones,Electronics,1,85.54,0,54.85
1192,2024-01-27,West,Alice,Desk,Furniture,6,260.75,0.2,179.85
1193,2024-04-16,West,Sophia,Laptop,Electronics,24,1368.47,0.1,976.71
1194,2024-03-14,West,Alice,Mouse,Accessories,11,25.15,0,10.62
1195,2024-04-11,North,Charlie,Chair,Furniture,23,115.14,0.05,86.96
1196,2024-06-13,South,Eva,Desk,Furniture,24,203.63,0.05,130.94
1197,2024-06-20,North,Liam,Keyboard,Accessories,28,42.26,0.12,27.07
1198,2024-01-15,West,Bob,Keyboard,Accessories,27,44.07,0.1,28.4
1199,2024-03-02,North,Bob,Keyboard,Accessories,27,36.53,0.1,28.4
1200,2024-03-12,West,Charlie,Desk,Furniture,29,165.96,0.1,81.15
1201,2024-01-14,North,Bob,Mouse,Accessories,22,25.73,0.2,11.8
1202,2024-02-12,East,Charlie,Keyboard,Accessories,18,52.66,0.1,26.64
1203,2024-02-26,West,Charlie,Headphones,Electronics,21,136.61,0.1,88.01
1204,2024-06-04,West,Eva,Monitor,Electronics,13,422.37,0.1,192.87
1205,2024-01-22,North,Liam,Mouse,Accessories,3,27.6,0.12,18.41
1206,2024-04-02,West,Bob,Headphones,Electronics,2,137.4,0.2,43.56
1207,2024-03-18,West,Alice,Keyboard,Accessories,8,46.06,0.2,20.96
1208,2024-02-01,South,Bob,Headphones,Electronics,13,61.18,0.2,63.96
1209,2024-04-10,North,Bob,Keyboard,Accessories,23,45.66,0.1,31.26
1210,2024-02-02,North,Charlie,Chair,Furniture,4,85.18,0.05,67.55
1211,2024-01-13,North,Liam,Monitor,Electronics,9,297.91,0.2,251.96
1212,2024-02-03,South,David,Chair,Furniture,13,104.98,0,61.83
1213,2024-05-05,North,Eva,Chair,Furniture,8,72.94,0.05,49.91
1214,2024-02-14,West,Eva,Monitor,Electronics,20,404.29,0.05,284.32
1215,2024-02-18,South,Bob,Headphones,Electronics,17,134.8,0.12,70.31
1216,2024-06-06,West,Eva,Monitor,Electronics,8,270.14,0.05,284.59
1217,2024-05-28,West,Charlie,Monitor,Electronics,7,364.4,0.15,185.58
1218,2024-02-05,West,Liam,Monitor,Electronics,8,324.28,0,212.42
1219,2024-03-31,South,Alice,Monitor,Electronics,12,299.47,0.15,207.73
1220,2024-06-28,West,Eva,Headphones,Electronics,24,123.25,0.15,69.72
1221,2024-01-01,West,Liam,Desk,Furniture,11,181.64,0.1,132.39
1222,2024-02-05,West,Bob,Headphones,Electronics,27,111.21,0.05,63.1
1223,2024-05-29,East,Charlie,Laptop,Electronics,3,1524.21,0.15,1379.35
1224,2024-02-22,West,David,Monitor,Electronics,3,308.94,0.1,283.92
1225,2024-03-23,South,Liam,Desk,Furniture,24,232.69,0.05,145.64
1226,2024-01-09,North,Charlie,Keyboard,Accessories,17,42.42,0.1,32.05
1227,2024-03-28,South,Eva,Monitor,Electronics,16,316.88,0.15,184.28
1228,2024-02-27,West,Liam,Desk,Furniture,21,273.46,0,163.42
1229,2024-05-10,West,Eva,Desk,Furniture,14,213.18,0.05,92.67
1230,2024-01-25,East,Bob,Chair,Furniture,16,153.99,0.15,65.79
1231,2024-05-24,North,Alice,Keyboard,Accessories,4,52.69,0.15,20.15
1232,2024-05-20,North,Charlie,Keyboard,Accessories,6,41.11,0.2,29.43
1233,2024-01-26,South,Sophia,Monitor,Electronics,12,329.78,0.1,174.9
1234,2024-05-30,North,David,Headphones,Electronics,7,143.21,0.12,53.64
1235,2024-04-26,North,David,Mouse,Accessories,26,28.45,0.15,14.34
1236,2024-05-21,North,Alice,Chair,Furniture,16,97.52,0.12,98.9
1237,2024-04-28,West,Charlie,Laptop,Electronics,19,1482.06,0.2,1114.88
1238,2024-01-24,East,Bob,Headphones,Electronics,12,140.72,0.05,65.29
1239,2024-05-03,South,Bob,Keyboard,Accessories,25,40.84,0.12,23.26
1240,2024-03-16,North,Sophia,Monitor,Electronics,2,362.76,0.05,241.58
1241,2024-06-03,North,Alice,Laptop,Electronics,3,1558.95,0,1352.17
1242,2024-01-15,North,Charlie,Keyboard,Accessories,8,46.76,0.12,26.85
1243,2024-03-30,West,Charlie,Monitor,Electronics,3,253.77,0.1,213.89
1244,2024-06-25,East,Liam,Mouse,Accessories,6,19.56,0.05,16.48
1245,2024-03-27,North,Eva,Chair,Furniture,21,123.7,0.1,80.0
1246,2024-06-19,West,Alice,Chair,Furniture,22,120.17,0.2,80.17
1247,2024-04-18,West,Sophia,Chair,Furniture,17,82.36,0.05,55.74
1248,2024-01-25,East,Charlie,Desk,Furniture,25,234.13,0.15,88.53
1249,2024-05-26,North,Bob,Headphones,Electronics,16,116.79,0.05,43.52
1250,2024-06-01,South,David,Monitor,Electronics,14,393.72,0.1,160.49
1251,2024-01-10,East,Bob,Desk,Furniture,20,142.77,0.2,159.31
1252,2024-05-03,East,Alice,Headphones,Electronics,30,62.71,0.2,85.71
1253,2024-02-24,North,Liam,Desk,Furniture,4,255.17,0,163.78
1254,2024-03-06,South,Liam,Chair,Furniture,1,124.64,0,79.78
1255,2024-02-01,West,Bob,Keyboard,Accessories,7,40.09,0.1,20.13
1256,2024-05-02,North,Alice,Desk,Furniture,5,187.78,0.1,93.16
1257,2024-02-09,West,David,Chair,Furniture,13,150.31,0.2,94.58
1258,2024-02-14,North,Sophia,Mouse,Accessories,17,18.75,0.05,16.79
1259,2024-03-21,South,Eva,Monitor,Electronics,20,430.69,0,249.57
1260,2024-03-14,North,Liam,Chair,Furniture,6,130.54,0.12,68.82
1261,2024-03-29,North,Eva,Mouse,Accessories,1,21.58,0,10.19
1262,2024-02-28,East,Eva,Monitor,Electronics,17,319.75,0.15,210.15
1263,2024-02-08,East,Alice,Laptop,Electronics,3,1223.63,0.1,1392.64
1264,2024-03-15,East,Alice,Chair,Furniture,4,147.51,0.12,65.99
1265,2024-05-03,West,David,Monitor,Electronics,2,388.79,0.2,171.57
1266,2024-02-10,South,Sophia,Keyboard,Accessories,2,38.55,0.2,33.2
1267,2024-01-17,North,Alice,Desk,Furniture,7,209.08,0.2,158.98
1268,2024-05-20,East,Bob,Desk,Furniture,19,173.45,0,113.0
1269,2024-02-15,South,Charlie,Desk,Furniture,10,168.85,0.05,170.23
1270,2024-03-26,West,Liam,Monitor,Electronics,8,440.49,0.2,285.78
1271,2024-01-25,East,Eva,Desk,Furniture,5,213.65,0.15,150.92
1272,2024-04-01,North,Alice,Chair,Furniture,12,140.17,0.05,45.51
1273,2024-06-10,East,Liam,Chair,Furniture,13,159.46,0,82.55
1274,2024-06-03,North,Sophia,Headphones,Electronics,6,79.76,0.2,63.83
1275,2024-02-02,West,Alice,Desk,Furniture,16,145.97,0.05,141.45
1276,2024-04-12,North,Bob,Mouse,Accessories,3,29.09,0.05,14.51
1277,2024-02-08,West,Sophia,Chair,Furniture,6,81.97,0.05,58.85
1278,2024-04-21,East,Eva,Headphones,Electronics,19,147.49,0.15,64.26
1279,2024-05-21,East,Eva,Mouse,Accessories,19,18.54,0,16.01
1280,2024-04-15,East,Alice,Headphones,Electronics,13,135.59,0,51.73
1281,2024-01-01,North,Sophia,Mouse,Accessories,9,29.62,0.15,14.87
1282,2024-03-04,East,Charlie,Mouse,Accessories,21,20.3,0.05,16.09
1283,2024-01-04,North,Alice,Keyboard,Accessories,21,37.34,0.2,28.6
1284,2024-05-02,West,Charlie,Headphones,Electronics,27,95.69,0,46.48
1285,2024-06-10,West,Eva,Mouse,Accessories,9,19.34,0.12,15.06
1286,2024-01-23,West,Eva,Monitor,Electronics,25,339.42,0.05,232.34
1287,2024-02-09,North,Bob,Chair,Furniture,5,138.37,0.15,66.34
1288,2024-06-23,North,Charlie,Headphones,Electronics,13,127.68,0.05,74.53
1289,2024-06-01,South,Alice,Chair,Furniture,19,156.72,0.15,85.58
1290,2024-03-17,West,Charlie,Keyboard,Accessories,10,47.28,0.1,29.71
1291,2024-05-08,South,Eva,Laptop,Electronics,26,1257.97,0.12,1325.47
1292,2024-01-01,West,Bob,Monitor,Electronics,11,320.56,0,193.01
1293,2024-05-11,South,David,Headphones,Electronics,26,119.19,0.15,51.4
1294,2024-04-12,South,Sophia,Monitor,Electronics,8,329.47,0.2,167.57
1295,2024-06-16,North,Sophia,Laptop,Electronics,1,1739.29,0.2,1075.47
1296,2024-04-28,East,Sophia,Headphones,Electronics,27,108.82,0.05,62.43
1297,2024-03-22,South,David,Keyboard,Accessories,24,54.27,0.2,33.8
1298,2024-04-20,North,Charlie,Mouse,Accessories,21,25.6,0,10.83
1299,2024-01-17,West,Sophia,Mouse,Accessories,8,21.78,0.15,17.64
1300,2024-03-31,East,Liam,Keyboard,Accessories,23,51.67,0.05,25.76
1301,2024-05-21,South,Liam,Chair,Furniture,4,102.74,0.12,83.36
1302,2024-01-17,South,Liam,Headphones,Electronics,18,118.22,0.2,67.97
1303,2024-04-07,North,Eva,Laptop,Electronics,2,1177.46,0.1,1146.71
1304,2024-05-15,North,Liam,Mouse,Accessories,1,24.97,0.15,13.97
1305,2024-02-18,North,Charlie,Headphones,Electronics,14,80.94,0.1,56.83
1306,2024-03-25,West,Eva,Monitor,Electronics,30,293.32,0.05,150.58
1307,2024-03-07,East,Liam,Chair,Furniture,20,129.06,0.2,76.57
1308,2024-03-01,South,Sophia,Headphones,Electronics,4,69.63,0.2,66.59
1309,2024-06-04,North,Liam,Desk,Furniture,28,142.76,0.1,110.15
1310,2024-01-16,South,Charlie,Headphones,Electronics,29,127.42,0.15,47.26
1311,2024-05-21,North,Charlie,Keyboard,Accessories,11,43.26,0.1,34.04
1312,2024-04-21,West,Alice,Chair,Furniture,20,124.7,0.2,94.18
1313,2024-06-15,South,Liam,Desk,Furniture,25,195.05,0.12,104.29
1314,2024-06-22,West,Charlie,Chair,Furniture,4,103.83,0.2,92.11
1315,2024-01-02,North,Liam,Keyboard,Accessories,5,38.83,0.2,30.31
1316,2024-03-27,West,Bob,Headphones,Electronics,11,80.54,0.2,86.52
1317,2024-06-08,North,Sophia,Mouse,Accessories,22,28.69,0.15,17.37
1318,2024-01-29,East,Alice,Laptop,Electronics,13,1478.58,0.05,1340.43
1319,2024-04-29,East,Charlie,Chair,Furniture,4,83.7,0.2,98.53
1320,2024-02-04,North,David,Laptop,Electronics,15,1501.7,0.05,1170.98
1321,2024-04-24,West,Sophia,Desk,Furniture,3,178.37,0.05,83.11
1322,2024-02-08,East,Liam,Chair,Furniture,27,82.72,0.12,74.78
1323,2024-04-04,West,Bob,Monitor,Electronics,29,401.98,0.2,235.8
1324,2024-02-12,East,Sophia,Chair,Furniture,10,83.52,0.05,45.35
1325,2024-03-30,South,Sophia,Chair,Furniture,10,152.21,0.12,56.6
1326,2024-05-12,South,Alice,Mouse,Accessories,6,25.96,0.2,15.9
1327,2024-03-08,South,Liam,Chair,Furniture,1,159.69,0.05,45.25
1328,2024-03-24,North,Sophia,Desk,Furniture,30,178.52,0.15,144.64
1329,2024-04-13,North,Bob,Desk,Furniture,29,235.76,0.1,123.95
1330,2024-02-16,North,Charlie,Headphones,Electronics,21,69.27,0.1,51.55
1331,2024-01-17,North,David,Chair,Furniture,28,99.95,0,81.91
1332,2024-06-05,West,Alice,Headphones,Electronics,8,88.1,0.12,61.82
1333,2024-04-29,North,Liam,Keyboard,Accessories,15,50.51,0.2,27.26
1334,2024-06-13,South,Alice,Desk,Furniture,8,244.49,0.12,85.59
1335,2024-03-18,West,Bob,Monitor,Electronics,5,300.07,0.12,253.23
1336,2024-04-08,South,David,Desk,Furniture,20,173.82,0.12,132.74
1337,2024-04-06,West,David,Keyboard,Accessories,26,54.58,0.12,20.28
1338,2024-03-28,West,Alice,Laptop,Electronics,13,1396.41,0.1,1394.38
1339,2024-03-06,North,Sophia,Laptop,Electronics,14,1397.95,0.05,1047.73
1340,2024-02-05,North,Alice,Mouse,Accessories,8,25.84,0.12,16.12
1341,2024-05-19,East,Bob,Laptop,Electronics,3,1723.98,0.05,1194.73
1342,2024-04-19,South,Alice,Laptop,Electronics,28,1204.51,0.1,956.73
1343,2024-01-19,South,Charlie,Keyboard,Accessories,26,47.61,0.1,27.49
1344,2024-01-22,West,Eva,Mouse,Accessories,4,18.98,0.15,18.11
1345,2024-03-17,North,Liam,Monitor,Electronics,25,265.11,0.2,185.7
1346,2024-06-02,East,Liam,Keyboard,Accessories,21,42.43,0,24.26
1347,2024-03-09,South,Bob,Laptop,Electronics,21,1316.84,0.05,914.3
1348,2024-01-12,North,Liam,Monitor,Electronics,14,258.28,0.1,290.88
1349,2024-06-15,East,Eva,Headphones,Electronics,19,84.05,0.15,73.32
1350,2024-02-13,South,Eva,Chair,Furniture,1,77.81,0.15,50.43
1351,2024-06-07,West,Liam,Chair,Furniture,6,123.93,0.12,88.17
1352,2024-05-29,West,Sophia,Mouse,Accessories,25,19.34,0.15,16.16
1353,2024-06-16,North,Bob,Mouse,Accessories,19,26.78,0.2,19.43
1354,2024-06-05,North,Alice,Mouse,Accessories,26,20.2,0,16.33
1355,2024-06-30,North,Alice,Keyboard,Accessories,28,40.99,0.12,29.87
1356,2024-02-23,East,Alice,Mouse,Accessories,3,22.05,0.15,12.23
1357,2024-02-20,East,Bob,Keyboard,Accessories,18,44.66,0.1,20.35
1358,2024-04-23,West,Alice,Laptop,Electronics,16,1116.62,0.1,1288.83
1359,2024-03-10,West,Sophia,Keyboard,Accessories,2,40.85,0.2,23.43
1360,2024-05-07,East,Sophia,Mouse,Accessories,12,17.5,0.15,12.5
1361,2024-02-14,North,Alice,Monitor,Electronics,17,373.76,0.15,214.83
1362,2024-03-25,West,Bob,Laptop,Electronics,17,1117.06,0.12,1189.67
1363,2024-01-23,South,Alice,Desk,Furniture,14,297.82,0,94.95
1364,2024-03-24,West,Bob,Monitor,Electronics,17,338.42,0.12,224.74
1365,2024-04-28,North,Sophia,Keyboard,Accessories,21,49.89,0,23.11
1366,2024-04-20,South,Bob,Laptop,Electronics,16,1639.02,0.2,1070.04
1367,2024-05-17,North,Charlie,Laptop,Electronics,7,1158.17,0.05,1024.2
1368,2024-04-02,East,Charlie,Monitor,Electronics,24,323.67,0,291.3
1369,2024-05-13,West,David,Laptop,Electronics,7,1165.68,0.12,965.65
1370,2024-02-22,North,Charlie,Laptop,Electronics,3,1680.72,0.15,1046.4
1371,2024-04-08,South,David,Keyboard,Accessories,2,38.92,0,20.24
1372,2024-01-30,West,Charlie,Laptop,Electronics,1,1700.17,0.1,979.58
1373,2024-05-18,East,Alice,Keyboard,Accessories,28,36.74,0,34.35
1374,2024-05-30,West,Sophia,Laptop,Electronics,17,1166.99,0.1,965.99
1375,2024-06-14,South,Bob,Keyboard,Accessories,10,44.62,0.15,33.56
1376,2024-05-06,West,Sophia,Mouse,Accessories,8,20.51,0,14.9
1377,2024-06-06,South,Liam,Chair,Furniture,22,115.35,0.05,46.21
1378,2024-02-17,South,Sophia,Mouse,Accessories,18,20.54,0.12,14.23
1379,2024-04-11,South,David,Monitor,Electronics,16,273.93,0.15,281.0
1380,2024-04-30,East,Liam,Mouse,Accessories,9,23.97,0.12,15.88
1381,2024-02-28,East,Alice,Laptop,Electronics,20,1760.87,0.12,1002.07
1382,2024-06-16,North,Eva,Mouse,Accessories,7,20.64,0.12,13.3
1383,2024-04-27,West,Liam,Headphones,Electronics,17,72.16,0.12,86.1
1384,2024-03-22,North,Alice,Chair,Furniture,24,99.2,0.05,62.81
1385,2024-01-24,North,Bob,Chair,Furniture,4,131.02,0.05,90.56
1386,2024-06-28,South,Sophia,Headphones,Electronics,14,142.1,0.15,69.63
1387,2024-05-19,South,David,Desk,Furniture,15,266.97,0.05,172.4
1388,2024-02-22,North,Liam,Mouse,Accessories,23,23.63,0.1,15.24
1389,2024-05-09,East,Charlie,Laptop,Electronics,2,1287.37,0.15,1354.23
1390,2024-06-14,South,Liam,Desk,Furniture,28,283.3,0.15,167.21
1391,2024-03-09,North,Sophia,Headphones,Electronics,6,90.47,0.2,82.4
1392,2024-02-29,North,Liam,Mouse,Accessories,6,25.62,0.1,10.46
1393,2024-06-23,North,Alice,Keyboard,Accessories,8,42.26,0.15,32.11
1394,2024-05-05,East,Eva,Chair,Furniture,16,93.87,0,55.84
1395,2024-02-12,East,Liam,Monitor,Electronics,28,388.24,0.12,174.27
1396,2024-02-18,East,David,Keyboard,Accessories,12,37.55,0.1,24.08
1397,2024-04-25,West,Liam,Chair,Furniture,1,70.19,0.2,97.2
1398,2024-01-26,South,Bob,Chair,Furniture,8,133.48,0.15,70.19
1399,2024-03-18,East,Alice,Keyboard,Accessories,28,45.16,0.1,30.28
1400,2024-03-06,West,Eva,Headphones,Electronics,12,110.0,0.12,62.22
1401,2024-04-15,East,Charlie,Laptop,Electronics,23,1678.83,0.15,960.34
1402,2024-02-03,West,Sophia,Keyboard,Accessories,11,39.66,0.05,32.29
1403,2024-05-18,North,Charlie,Monitor,Electronics,21,395.21,0,265.57
1404,2024-03-03,North,Liam,Keyboard,Accessories,18,36.98,0,25.83
1405,2024-06-18,West,Sophia,Mouse,Accessories,14,28.29,0.12,12.89
1406,2024-06-02,North,David,Keyboard,Accessories,28,36.01,0,21.53
1407,2024-01-01,East,Sophia,Keyboard,Accessories,15,50.11,0.05,32.21
1408,2024-06-23,East,Bob,Mouse,Accessories,16,21.42,0.12,11.28
1409,2024-02-01,West,Eva,Mouse,Accessories,28,22.34,0.15,19.84
1410,2024-06-27,South,David,Laptop,Electronics,25,1395.4,0.1,938.41
1411,2024-05-15,East,Liam,Headphones,Electronics,27,70.4,0.05,62.55
1412,2024-03-21,South,Liam,Laptop,Electronics,26,1500.99,0.05,1237.24
1413,2024-03-18,West,Charlie,Monitor,Electronics,26,384.24,0.12,216.49
1414,2024-05-12,West,Sophia,Monitor,Electronics,10,345.14,0.15,217.57
1415,2024-05-29,South,Alice,Keyboard,Accessories,19,52.04,0.12,29.17
1416,2024-02-04,South,Alice,Headphones,Electronics,2,73.06,0.05,66.18
1417,2024-06-28,North,David,Mouse,Accessories,15,18.88,0.15,15.98
1418,2024-06-25,East,Alice,Desk,Furniture,3,150.37,0.1,121.48
1419,2024-04-15,North,Liam,Mouse,Accessories,6,28.69,0,18.27
1420,2024-06-19,South,Bob,Monitor,Electronics,19,430.52,0,184.11
1421,2024-01-14,North,Bob,Headphones,Electronics,19,139.62,0.15,85.48
1422,2024-02-12,North,Sophia,Headphones,Electronics,23,62.97,0.2,45.76
1423,2024-02-12,East,Charlie,Laptop,Electronics,30,1787.25,0.05,1141.52
1424,2024-04-20,West,Liam,Chair,Furniture,23,120.64,0,59.36
1425,2024-04-05,North,Liam,Laptop,Electronics,18,1479.4,0.15,1250.8
1426,2024-04-03,East,David,Laptop,Electronics,13,1258.86,0.15,1125.54
1427,2024-06-29,North,Alice,Mouse,Accessories,17,17.98,0.2,10.38
1428,2024-03-01,North,David,Headphones,Electronics,13,61.98,0.1,41.96
1429,2024-02-01,North,Liam,Monitor,Electronics,4,404.46,0,210.64
1430,2024-03-14,West,Sophia,Laptop,Electronics,10,1279.71,0.1,921.44
1431,2024-02-08,South,Eva,Chair,Furniture,22,105.8,0.2,94.49
1432,2024-05-30,East,Alice,Chair,Furniture,28,124.79,0.12,57.23
1433,2024-04-14,East,Liam,Monitor,Electronics,12,340.42,0.1,296.15
1434,2024-06-09,West,David,Keyboard,Accessories,23,35.11,0.05,29.27
1435,2024-03-06,North,David,Laptop,Electronics,23,1314.24,0.12,1147.41
1436,2024-03-08,West,Bob,Chair,Furniture,2,159.53,0.15,74.82
1437,2024-04-29,West,Eva,Keyboard,Accessories,14,43.51,0.15,29.27
1438,2024-02-19,West,Sophia,Mouse,Accessories,5,20.09,0.2,12.68
1439,2024-06-15,East,Eva,Laptop,Electronics,23,1530.49,0.12,1135.79
1440,2024-01-17,West,Liam,Mouse,Accessories,15,19.53,0.15,10.25
1441,2024-01-10,West,David,Headphones,Electronics,27,91.13,0.05,84.24
1442,2024-04-19,South,Alice,Keyboard,Accessories,30,49.4,0.2,28.1
1443,2024-03-31,West,Alice,Laptop,Electronics,13,1397.59,0.05,957.43
1444,2024-01-20,East,Bob,Desk,Furniture,10,299.45,0.15,93.59
1445,2024-02-10,West,Liam,Keyboard,Accessories,5,41.38,0.15,25.22
1446,2024-05-21,North,Sophia,Mouse,Accessories,26,29.2,0.05,19.31
1447,2024-02-28,West,Sophia,Headphones,Electronics,5,63.16,0.05,71.06
1448,2024-02-29,East,Alice,Mouse,Accessories,22,25.39,0.15,19.29
1449,2024-05-28,North,Charlie,Keyboard,Accessories,11,35.96,0,25.32
1450,2024-02-10,North,David,Keyboard,Accessories,3,37.57,0.1,26.27
1451,2024-06-03,East,Sophia,Laptop,Electronics,20,1799.73,0,1027.66
1452,2024-05-26,South,Alice,Keyboard,Accessories,27,36.01,0.05,28.26
1453,2024-01-13,West,Sophia,Laptop,Electronics,18,1618.0,0,1107.1
1454,2024-04-15,North,Liam,Desk,Furniture,17,217.5,0.2,103.15
1455,2024-05-22,East,David,Desk,Furniture,5,228.83,0,161.11
1456,2024-02-03,East,Bob,Headphones,Electronics,30,136.62,0.2,65.77
1457,2024-02-23,North,Liam,Chair,Furniture,10,153.83,0.2,69.52
1458,2024-06-18,East,Eva,Mouse,Accessories,3,17.51,0.1,13.87
1459,2024-02-08,West,Sophia,Keyboard,Accessories,27,50.53,0.12,34.69
1460,2024-04-04,North,Bob,Laptop,Electronics,23,1124.6,0.05,1314.56
1461,2024-06-04,West,Eva,Keyboard,Accessories,10,41.15,0.05,24.19
1462,2024-02-20,East,Eva,Keyboard,Accessories,3,42.72,0.12,26.29
1463,2024-04-18,South,David,Laptop,Electronics,21,1181.96,0.05,1256.47
1464,2024-05-08,North,Liam,Monitor,Electronics,25,361.23,0.1,298.48
1465,2024-05-22,South,Liam,Desk,Furniture,22,240.71,0.12,108.69
1466,2024-03-28,East,Alice,Monitor,Electronics,28,390.67,0.15,151.9
1467,2024-05-14,North,Bob,Monitor,Electronics,2,380.9,0.15,196.57
1468,2024-05-17,South,Sophia,Chair,Furniture,22,101.21,0.12,84.28
1469,2024-04-01,East,Sophia,Mouse,Accessories,22,16.95,0.1,11.66
1470,2024-03-20,North,Liam,Keyboard,Accessories,1,51.57,0,31.38
1471,2024-05-06,North,Alice,Laptop,Electronics,17,1474.23,0.2,967.23
1472,2024-06-10,North,Liam,Monitor,Electronics,21,343.27,0,207.25
1473,2024-05-01,West,Liam,Laptop,Electronics,3,1644.41,0.12,1299.59
1474,2024-02-06,West,Charlie,Headphones,Electronics,26,109.72,0.1,42.64
1475,2024-02-12,North,Charlie,Headphones,Electronics,13,71.36,0,82.28
1476,2024-03-06,South,Sophia,Headphones,Electronics,7,103.95,0.2,61.47
1477,2024-03-04,West,Sophia,Chair,Furniture,24,136.77,0.1,76.09
1478,2024-05-10,North,Sophia,Desk,Furniture,21,279.03,0.15,167.35
1479,2024-05-18,South,Eva,Headphones,Electronics,7,109.91,0.15,75.65
1480,2024-05-25,South,Sophia,Chair,Furniture,25,148.88,0.1,95.13
1481,2024-02-01,North,Bob,Keyboard,Accessories,19,47.12,0.1,30.28
1482,2024-02-26,South,Eva,Mouse,Accessories,4,16.25,0.15,10.96
1483,2024-02-08,West,Charlie,Mouse,Accessories,8,22.46,0,19.69
1484,2024-05-23,South,Bob,Mouse,Accessories,18,17.89,0.2,14.11
1485,2024-06-16,South,Liam,Desk,Furniture,21,280.3,0,98.33
1486,2024-06-21,East,Liam,Headphones,Electronics,13,69.14,0.1,70.1
1487,2024-06-24,North,Charlie,Mouse,Accessories,23,19.7,0,15.94
1488,2024-02-22,East,Charlie,Desk,Furniture,27,280.7,0.15,82.96
1489,2024-01-08,East,Bob,Headphones,Electronics,15,89.23,0.12,60.52
1490,2024-06-28,West,Alice,Laptop,Electronics,1,1309.74,0.2,1300.81
1491,2024-04-02,North,Alice,Desk,Furniture,21,206.39,0.15,100.9
1492,2024-06-17,South,Sophia,Mouse,Accessories,9,21.37,0.2,14.16
1493,2024-06-11,North,Sophia,Desk,Furniture,15,206.4,0.12,83.67
1494,2024-05-22,North,David,Keyboard,Accessories,3,42.15,0.15,29.31
1495,2024-04-09,North,Liam,Desk,Furniture,8,274.83,0.1,154.87
1496,2024-05-19,South,Liam,Keyboard,Accessories,24,42.1,0.2,31.48
1497,2024-02-29,North,Sophia,Mouse,Accessories,6,25.1,0,16.87
1498,2024-04-07,North,Charlie,Keyboard,Accessories,8,40.78,0.05,33.55
1499,2024-05-08,East,David,Mouse,Accessories,7,29.96,0.2,10.69
1500,2024-03-24,North,Liam,Laptop,Electronics,18,1240.36,0.15,1379.9
1501,2024-02-28,West,Charlie,Desk,Furniture,16,288.29,0.2,150.73
1502,2024-03-21,North,Bob,Monitor,Electronics,10,347.52,0.1,237.08
1503,2024-03-29,West,Bob,Monitor,Electronics,8,282.22,0.1,238.65
1504,2024-05-30,South,Charlie,Monitor,Electronics,14,267.89,0.05,281.23
1505,2024-06-13,North,Alice,Monitor,Electronics,6,349.76,0.15,241.88
1506,2024-06-16,West,Sophia,Monitor,Electronics,21,275.8,0.1,291.7
1507,2024-05-06,North,Sophia,Monitor,Electronics,15,275.58,0.1,176.56
1508,2024-03-30,North,Bob,Monitor,Electronics,21,253.23,0,250.68
1509,2024-02-04,West,Alice,Monitor,Electronics,20,401.5,0.1,170.01
1510,2024-02-18,East,Alice,Keyboard,Accessories,30,39.67,0.12,26.95
1511,2024-03-22,South,Liam,Mouse,Accessories,1,21.54,0.1,12.49
1512,2024-03-16,North,Liam,Monitor,Electronics,20,288.14,0.1,154.5
1513,2024-06-08,South,Sophia,Headphones,Electronics,29,136.29,0.1,68.74
1514,2024-06-02,South,David,Mouse,Accessories,4,17.88,0.1,13.54
1515,2024-06-24,West,David,Mouse,Accessories,29,20.43,0.05,13.34
1516,2024-04-29,East,Liam,Keyboard,Accessories,11,35.59,0.1,33.58
1517,2024-03-04,South,Charlie,Desk,Furniture,25,236.61,0.05,156.47
1518,2024-02-03,South,Alice,Chair,Furniture,28,94.68,0,51.18
1519,2024-06-08,North,Bob,Mouse,Accessories,11,29.93,0.15,10.53
1520,2024-01-18,South,David,Monitor,Electronics,28,268.83,0.05,192.03
1521,2024-03-29,East,David,Chair,Furniture,15,77.24,0.12,89.35
1522,2024-04-02,North,Liam,Mouse,Accessories,3,27.35,0.12,10.45
1523,2024-02-15,North,Sophia,Monitor,Electronics,25,428.3,0.05,273.31
1524,2024-05-31,West,Alice,Monitor,Electronics,22,299.21,0.15,153.89
1525,2024-01-24,West,Eva,Laptop,Electronics,4,1501.65,0.12,920.56
1526,2024-04-14,West,David,Desk,Furniture,8,230.1,0.1,177.27
1527,2024-02-28,South,Liam,Keyboard,Accessories,29,52.51,0.2,21.67
1528,2024-01-13,South,Eva,Monitor,Electronics,23,358.19,0.1,186.24
1529,2024-03-08,North,Liam,Laptop,Electronics,27,1496.87,0.05,1325.96
1530,2024-02-05,North,Sophia,Laptop,Electronics,2,1736.71,0.05,1159.78
1531,2024-02-19,East,David,Mouse,Accessories,15,29.39,0,18.2
1532,2024-01-19,West,Charlie,Keyboard,Accessories,16,45.46,0,32.3
1533,2024-04-02,North,Charlie,Laptop,Electronics,23,1120.84,0.1,1119.41
1534,2024-03-31,East,Bob,Keyboard,Accessories,26,40.88,0.2,23.13
1535,2024-01-18,West,Liam,Monitor,Electronics,26,362.12,0.05,271.47
1536,2024-05-27,West,Eva,Chair,Furniture,4,156.34,0.1,65.74
1537,2024-01-23,North,Liam,Headphones,Electronics,16,136.79,0.15,56.25
1538,2024-03-03,West,Eva,Chair,Furniture,19,110.17,0.12,57.09
1539,2024-03-15,East,Liam,Desk,Furniture,24,231.6,0,87.05
1540,2024-06-01,South,Bob,Monitor,Electronics,30,387.86,0,271.58
1541,2024-01-01,East,Sophia,Mouse,Accessories,1,17.78,0.12,10.52
1542,2024-05-22,South,Liam,Mouse,Accessories,14,24.54,0.05,12.76
1543,2024-01-26,South,Sophia,Keyboard,Accessories,28,41.8,0.05,31.0
1544,2024-03-13,West,Sophia,Laptop,Electronics,12,1205.55,0.1,1120.54
1545,2024-01-08,West,Eva,Desk,Furniture,8,240.68,0.1,102.02
1546,2024-01-02,East,Alice,Mouse,Accessories,4,27.37,0.15,15.67
1547,2024-05-15,East,Bob,Monitor,Electronics,10,351.37,0.1,179.53
1548,2024-05-15,East,Charlie,Desk,Furniture,26,154.2,0,108.67
1549,2024-03-04,North,Bob,Desk,Furniture,1,143.06,0.15,103.79
1550,2024-01-31,North,Bob,Chair,Furniture,9,83.52,0.12,88.6
1551,2024-01-25,East,Eva,Chair,Furniture,4,136.51,0.1,92.65
1552,2024-05-06,West,Bob,Monitor,Electronics,8,342.88,0.15,250.28
1553,2024-03-06,South,Bob,Keyboard,Accessories,1,44.56,0.15,33.14
1554,2024-03-21,South,Alice,Keyboard,Accessories,25,38.93,0.2,24.71
1555,2024-05-18,West,Liam,Laptop,Electronics,6,1718.31,0.2,1201.79
1556,2024-01-27,North,David,Monitor,Electronics,16,337.43,0,152.74
1557,2024-03-11,South,Liam,Chair,Furniture,30,153.19,0.05,88.43
1558,2024-01-28,South,Sophia,Headphones,Electronics,24,82.3,0.05,50.83
1559,2024-06-24,West,David,Desk,Furniture,15,201.01,0.05,96.26
1560,2024-02-12,South,Alice,Laptop,Electronics,14,1323.61,0.12,1226.76
1561,2024-05-04,East,Charlie,Monitor,Electronics,30,253.2,0.05,293.69
1562,2024-02-15,South,Bob,Keyboard,Accessories,19,42.4,0.1,31.87
1563,2024-06-22,South,Eva,Laptop,Electronics,19,1441.67,0,1193.26
1564,2024-05-30,East,Bob,Monitor,Electronics,7,407.48,0.12,185.18
1565,2024-01-31,East,Bob,Monitor,Electronics,27,282.68,0.12,279.32
1566,2024-06-17,North,Charlie,Chair,Furniture,13,76.38,0.15,79.6
1567,2024-01-03,North,David,Mouse,Accessories,26,15.54,0.15,12.12
1568,2024-03-16,West,Alice,Laptop,Electronics,13,1183.59,0.05,942.07
1569,2024-04-07,North,Alice,Laptop,Electronics,25,1549.64,0.2,1036.31
1570,2024-01-28,South,Sophia,Desk,Furniture,9,203.39,0.05,159.67
1571,2024-05-14,West,Liam,Desk,Furniture,10,208.77,0.1,169.48
1572,2024-01-07,East,Eva,Desk,Furniture,11,172.27,0.05,119.61
1573,2024-04-11,East,Charlie,Mouse,Accessories,4,27.19,0.12,13.08
1574,2024-04-01,North,David,Chair,Furniture,9,134.52,0.05,53.76
1575,2024-06-30,West,Sophia,Desk,Furniture,9,254.72,0.15,161.21
1576,2024-03-19,East,Alice,Chair,Furniture,29,114.96,0.2,68.05
1577,2024-01-14,West,David,Monitor,Electronics,14,418.32,0.12,177.28
1578,2024-03-14,West,Sophia,Desk,Furniture,7,159.58,0.1,158.05
1579,2024-02-11,West,Eva,Chair,Furniture,2,140.57,0.12,46.36
1580,2024-05-08,North,Eva,Laptop,Electronics,8,1255.91,0.2,1117.8
1581,2024-02-02,West,Bob,Desk,Furniture,7,230.59,0.2,169.09
1582,2024-03-01,South,Alice,Mouse,Accessories,6,29.45,0.15,16.54
1583,2024-03-17,West,Alice,Headphones,Electronics,14,79.38,0.15,56.45
1584,2024-03-12,West,David,Chair,Furniture,8,72.47,0,73.16
1585,2024-04-19,South,Charlie,Keyboard,Accessories,3,44.16,0.15,29.85
1586,2024-06-11,North,Sophia,Monitor,Electronics,9,276.44,0.1,153.58
1587,2024-05-28,South,Sophia,Mouse,Accessories,18,29.57,0.12,14.73
1588,2024-01-29,East,Eva,Desk,Furniture,29,226.59,0.15,80.43
1589,2024-01-03,East,Liam,Keyboard,Accessories,9,44.94,0.15,25.38
1590,2024-06-27,West,Eva,Desk,Furniture,20,293.15,0.2,131.94
1591,2024-05-11,West,Sophia,Headphones,Electronics,19,137.32,0.2,80.48
1592,2024-01-27,South,Liam,Chair,Furniture,3,132.82,0.2,72.37
1593,2024-06-25,East,Alice,Desk,Furniture,7,218.96,0.05,163.3
1594,2024-04-21,East,David,Laptop,Electronics,21,1680.65,0.12,1189.14
1595,2024-02-19,East,Sophia,Mouse,Accessories,21,15.03,0.05,19.06
1596,2024-01-26,West,Eva,Keyboard,Accessories,20,37.43,0.1,25.69
1597,2024-05-19,North,Charlie,Headphones,Electronics,16,141.36,0.2,61.19
1598,2024-06-27,South,Liam,Monitor,Electronics,23,401.47,0.05,186.36
1599,2024-06-07,South,Alice,Desk,Furniture,22,218.55,0.2,178.35
1600,2024-03-04,East,David,Headphones,Electronics,20,114.68,0.12,45.38
1601,2024-06-12,South,Eva,Monitor,Electronics,29,319.36,0.12,183.15
1602,2024-05-24,South,Bob,Mouse,Accessories,6,18.27,0,18.79
1603,2024-04-17,East,Charlie,Monitor,Electronics,11,353.18,0,245.1
1604,2024-01-03,West,Charlie,Mouse,Accessories,14,16.67,0,15.91
1605,2024-06-19,South,Sophia,Headphones,Electronics,2,109.89,0.15,70.24
1606,2024-01-16,North,Charlie,Chair,Furniture,17,123.38,0.12,46.88
1607,2024-03-04,East,David,Headphones,Electronics,1,141.85,0.12,67.59
1608,2024-02-18,North,Sophia,Desk,Furniture,6,248.58,0.2,137.68
1609,2024-01-16,North,Alice,Mouse,Accessories,9,23.04,0.05,17.97
1610,2024-04-17,South,David,Monitor,Electronics,15,429.17,0.1,240.45
1611,2024-04-12,West,Bob,Laptop,Electronics,1,1171.24,0.1,1146.94
1612,2024-04-11,South,Charlie,Monitor,Electronics,17,360.45,0.12,296.11
1613,2024-02-06,East,Charlie,Headphones,Electronics,3,116.45,0.2,58.88
1614,2024-06-10,East,Sophia,Mouse,Accessories,19,17.8,0.1,12.4
1615,2024-02-05,South,Charlie,Mouse,Accessories,24,24.39,0.05,17.27
1616,2024-06-14,North,Bob,Headphones,Electronics,22,107.43,0.1,64.14
1617,2024-03-08,West,Liam,Chair,Furniture,24,110.44,0,43.4
1618,2024-04-02,East,Alice,Chair,Furniture,3,113.65,0.15,96.55
1619,2024-02-20,South,David,Mouse,Accessories,22,21.6,0.15,11.19
1620,2024-05-02,West,Bob,Monitor,Electronics,28,326.84,0.05,162.01
1621,2024-05-27,South,Sophia,Desk,Furniture,28,260.16,0.1,104.21
1622,2024-01-23,West,Bob,Monitor,Electronics,30,384.57,0.15,210.97
1623,2024-03-07,West,Charlie,Keyboard,Accessories,7,53.68,0.15,27.96
1624,2024-03-29,South,Alice,Headphones,Electronics,23,98.62,0.12,89.86
1625,2024-02-28,East,Alice,Headphones,Electronics,16,149.34,0.1,67.19
1626,2024-06-20,East,Sophia,Keyboard,Accessories,1,39.83,0.12,28.6
1627,2024-05-24,East,Charlie,Laptop,Electronics,28,1681.19,0.12,1344.35
1628,2024-03-30,South,Liam,Keyboard,Accessories,5,47.56,0.15,26.67
1629,2024-06-08,North,Bob,Desk,Furniture,8,266.52,0.2,107.79
1630,2024-04-02,North,Bob,Desk,Furniture,1,194.77,0,112.86
1631,2024-04-27,West,David,Monitor,Electronics,8,426.44,0.12,246.58
1632,2024-02-23,South,Bob,Desk,Furniture,28,230.4,0.05,109.17
1633,2024-04-03,East,Sophia,Desk,Furniture,24,230.84,0.12,162.22
1634,2024-01-21,South,Bob,Chair,Furniture,29,131.32,0.1,43.74
1635,2024-01-18,West,David,Monitor,Electronics,10,303.2,0.12,277.15
1636,2024-05-13,East,Alice,Desk,Furniture,30,149.84,0.2,119.0
1637,2024-04-05,North,Charlie,Desk,Furniture,2,234.19,0.15,153.35
1638,2024-02-04,South,Sophia,Headphones,Electronics,13,92.07,0,51.05
1639,2024-01-15,North,David,Headphones,Electronics,30,123.83,0.12,43.78
1640,2024-01-04,West,Charlie,Chair,Furniture,21,88.46,0.15,88.21
1641,2024-01-17,North,Eva,Keyboard,Accessories,22,35.34,0.2,30.29
1642,2024-01-20,East,Sophia,Mouse,Accessories,29,27.04,0.12,10.26
1643,2024-03-02,West,David,Monitor,Electronics,7,366.3,0,182.44
1644,2024-02-06,East,David,Desk,Furniture,13,140.2,0.15,150.8
1645,2024-01-28,West,Alice,Laptop,Electronics,13,1579.73,0.1,1302.29
1646,2024-04-10,North,Alice,Mouse,Accessories,18,23.19,0.1,13.06
1647,2024-03-09,West,Liam,Monitor,Electronics,8,433.94,0,205.37
1648,2024-03-02,West,Bob,Monitor,Electronics,5,333.54,0.05,205.43
1649,2024-03-28,South,Sophia,Mouse,Accessories,21,26.2,0.05,13.19
1650,2024-02-25,South,Charlie,Headphones,Electronics,16,90.18,0.1,76.39
1651,2024-05-14,West,David,Monitor,Electronics,11,370.02,0.05,261.58
1652,2024-05-28,North,David,Mouse,Accessories,7,22.23,0.15,16.92
1653,2024-04-08,West,Sophia,Chair,Furniture,7,71.44,0.15,98.11
1654,2024-06-11,North,Sophia,Keyboard,Accessories,7,37.38,0.05,21.7
1655,2024-01-19,North,Liam,Chair,Furniture,25,153.21,0.2,57.71
1656,2024-03-24,West,David,Desk,Furniture,3,258.43,0.2,135.86
1657,2024-04-18,East,Eva,Desk,Furniture,5,170.17,0.1,165.5
1658,2024-03-20,West,Eva,Mouse,Accessories,21,23.92,0.2,18.07
1659,2024-06-18,South,Sophia,Keyboard,Accessories,30,52.64,0.2,33.09
1660,2024-05-15,North,Liam,Monitor,Electronics,8,387.13,0.15,236.33
1661,2024-06-05,East,Charlie,Desk,Furniture,5,188.72,0.2,175.24
1662,2024-04-25,South,Charlie,Laptop,Electronics,17,1302.13,0.15,1309.03
1663,2024-03-24,West,Sophia,Keyboard,Accessories,30,41.65,0.2,20.47
1664,2024-06-17,North,David,Laptop,Electronics,1,1326.41,0.2,1252.95
1665,2024-02-27,West,Charlie,Headphones,Electronics,23,121.02,0,72.25
1666,2024-04-24,West,Eva,Mouse,Accessories,7,27.35,0,13.02
1667,2024-04-06,East,David,Monitor,Electronics,1,421.14,0.12,183.85
1668,2024-01-13,South,Eva,Chair,Furniture,19,97.71,0.1,48.25
1669,2024-03-21,North,Sophia,Mouse,Accessories,22,15.57,0.1,14.03
1670,2024-01-06,West,David,Mouse,Accessories,21,17.47,0.1,16.38
1671,2024-05-05,East,Sophia,Headphones,Electronics,19,124.63,0,62.53
1672,2024-02-29,West,Sophia,Desk,Furniture,4,279.37,0.12,133.56
1673,2024-06-16,South,Charlie,Monitor,Electronics,11,408.12,0.12,238.06
1674,2024-01-10,East,Bob,Chair,Furniture,1,75.57,0.05,74.12
1675,2024-02-08,South,David,Desk,Furniture,12,288.91,0,109.66
1676,2024-06-20,North,Liam,Headphones,Electronics,9,122.72,0,68.3
1677,2024-03-10,West,Liam,Monitor,Electronics,25,416.85,0.1,256.52
1678,2024-01-27,West,Bob,Laptop,Electronics,30,1340.29,0,1327.4
1679,2024-04-17,West,Sophia,Chair,Furniture,22,129.4,0.12,84.91
1680,2024-02-03,East,Charlie,Keyboard,Accessories,6,49.42,0,21.51
1681,2024-03-12,West,Alice,Keyboard,Accessories,9,53.09,0.05,29.92
1682,2024-06-24,West,David,Desk,Furniture,9,201.6,0.1,95.61
1683,2024-06-01,North,Sophia,Mouse,Accessories,1,25.52,0.05,13.29
1684,2024-06-11,East,Charlie,Monitor,Electronics,2,438.1,0.2,215.83
1685,2024-03-29,East,Alice,Chair,Furniture,24,98.18,0.15,47.04
1686,2024-04-22,East,Charlie,Monitor,Electronics,4,308.96,0.1,281.88
1687,2024-01-29,North,David,Monitor,Electronics,30,375.67,0,160.09
1688,2024-06-29,South,Eva,Laptop,Electronics,1,1580.78,0.2,1304.28
1689,2024-01-19,West,Charlie,Monitor,Electronics,16,273.3,0.05,184.77
1690,2024-03-07,West,Charlie,Keyboard,Accessories,10,50.35,0.1,24.04
1691,2024-01-26,North,Charlie,Keyboard,Accessories,15,39.4,0.15,27.15
1692,2024-01-28,North,Bob,Laptop,Electronics,22,1452.1,0.2,1277.71
1693,2024-06-26,North,David,Headphones,Electronics,3,98.18,0.12,75.27
1694,2024-04-03,North,Eva,Monitor,Electronics,2,390.03,0.05,151.13
1695,2024-03-22,West,Sophia,Mouse,Accessories,1,15.7,0.2,12.78
1696,2024-04-21,South,Bob,Chair,Furniture,22,81.53,0.1,55.74
1697,2024-03-30,South,Alice,Chair,Furniture,16,127.22,0.15,40.1
1698,2024-03-13,North,David,Desk,Furniture,9,244.08,0.05,170.37
1699,2024-04-19,West,Bob,Chair,Furniture,26,91.15,0,43.36
1700,2024-01-02,North,Alice,Monitor,Electronics,17,443.72,0.1,201.61
1701,2024-05-12,West,Eva,Desk,Furniture,30,146.39,0.2,164.58
1702,2024-05-26,North,Eva,Mouse,Accessories,3,17.72,0.12,14.2
1703,2024-02-20,North,Bob,Mouse,Accessories,20,17.28,0.1,16.36
1704,2024-02-06,East,Eva,Headphones,Electronics,29,107.74,0.12,85.86
1705,2024-03-20,South,Alice,Mouse,Accessories,22,18.94,0,14.71
1706,2024-02-23,North,Alice,Headphones,Electronics,28,122.28,0.12,75.54
1707,2024-05-21,West,Sophia,Chair,Furniture,14,95.94,0.15,41.25
1708,2024-03-14,East,Liam,Laptop,Electronics,3,1766.63,0.1,946.22
1709,2024-06-25,North,Bob,Mouse,Accessories,2,16.71,0.2,18.78
1710,2024-02-05,North,Liam,Monitor,Electronics,6,325.95,0.2,268.69
1711,2024-02-13,South,Liam,Laptop,Electronics,29,1619.43,0.1,996.85
1712,2024-03-07,North,Eva,Monitor,Electronics,17,323.28,0.2,200.16
1713,2024-02-12,West,Alice,Headphones,Electronics,25,128.79,0.2,60.12
1714,2024-05-26,South,David,Monitor,Electronics,4,338.15,0.2,208.95
1715,2024-02-22,East,Bob,Mouse,Accessories,7,23.19,0.05,17.64
1716,2024-06-09,East,Sophia,Monitor,Electronics,10,339.71,0.1,191.04
1717,2024-03-19,East,Bob,Keyboard,Accessories,16,43.65,0.15,27.35
1718,2024-01-25,North,Eva,Mouse,Accessories,12,18.48,0,10.94
1719,2024-05-09,South,Sophia,Mouse,Accessories,4,28.42,0.1,11.17
1720,2024-04-19,South,Sophia,Chair,Furniture,4,89.26,0.05,58.89
1721,2024-06-28,East,Liam,Mouse,Accessories,15,24.35,0.05,14.59
1722,2024-04-08,West,Sophia,Mouse,Accessories,17,17.36,0.1,16.79
1723,2024-06-16,North,Eva,Laptop,Electronics,13,1316.61,0.12,957.15
1724,2024-05-30,East,Liam,Laptop,Electronics,10,1121.09,0,1097.0
1725,2024-02-08,North,Sophia,Keyboard,Accessories,10,49.45,0.15,27.68
1726,2024-01-08,North,Sophia,Monitor,Electronics,11,393.58,0.2,156.76
1727,2024-02-02,West,Alice,Mouse,Accessories,29,19.39,0,16.13
1728,2024-03-12,East,David,Desk,Furniture,21,206.43,0.05,103.27
1729,2024-06-03,North,Sophia,Headphones,Electronics,24,139.39,0.05,69.49
1730,2024-06-21,South,Liam,Mouse,Accessories,6,16.63,0.05,13.93
1731,2024-01-23,North,Sophia,Headphones,Electronics,29,131.7,0,53.21
1732,2024-02-18,South,Sophia,Chair,Furniture,22,114.91,0.05,61.78
1733,2024-04-12,East,Bob,Chair,Furniture,4,103.25,0.1,95.39
1734,2024-03-18,East,Charlie,Chair,Furniture,30,95.62,0.12,44.46
1735,2024-06-16,East,Alice,Chair,Furniture,21,142.76,0.05,49.41
1736,2024-06-01,South,Charlie,Headphones,Electronics,28,136.27,0.1,58.3
1737,2024-01-17,North,Alice,Laptop,Electronics,13,1758.77,0.12,1126.26
1738,2024-04-07,North,Eva,Headphones,Electronics,28,111.41,0.2,51.83
1739,2024-02-28,West,Sophia,Laptop,Electronics,4,1497.06,0.2,1155.77
1740,2024-06-19,East,Charlie,Keyboard,Accessories,9,35.3,0.1,33.65
1741,2024-05-22,North,Eva,Laptop,Electronics,3,1485.26,0.2,1370.24
1742,2024-03-16,East,Eva,Desk,Furniture,21,185.2,0.12,111.8
1743,2024-04-07,South,Charlie,Chair,Furniture,28,145.16,0.1,70.87
1744,2024-01-31,North,David,Headphones,Electronics,29,108.29,0.1,54.31
1745,2024-01-15,West,Alice,Laptop,Electronics,10,1381.73,0,1207.1
1746,2024-04-27,East,Liam,Keyboard,Accessories,14,40.35,0,25.82
1747,2024-06-20,West,Charlie,Headphones,Electronics,1,116.68,0.12,86.67
1748,2024-03-05,East,Sophia,Monitor,Electronics,2,401.96,0.15,281.09
1749,2024-06-20,East,Liam,Laptop,Electronics,21,1142.25,0.05,1205.98
1750,2024-05-22,South,David,Keyboard,Accessories,4,43.97,0.2,29.22
1751,2024-02-16,South,Charlie,Headphones,Electronics,19,73.67,0.2,46.2
1752,2024-06-03,East,Liam,Laptop,Electronics,10,1676.33,0.2,1118.34
1753,2024-02-12,East,David,Laptop,Electronics,5,1611.6,0.12,1116.44
1754,2024-06-07,North,Sophia,Headphones,Electronics,11,70.98,0.1,73.89
1755,2024-03-01,South,Eva,Headphones,Electronics,21,104.68,0.2,62.72
1756,2024-04-16,North,David,Laptop,Electronics,24,1633.35,0.1,957.86
1757,2024-01-18,East,Sophia,Laptop,Electronics,22,1211.51,0.12,1189.42
1758,2024-02-01,North,Bob,Monitor,Electronics,11,442.21,0.2,216.92
1759,2024-04-13,East,Charlie,Laptop,Electronics,27,1109.48,0.05,1307.32
1760,2024-04-11,West,Eva,Monitor,Electronics,23,356.36,0.2,212.21
1761,2024-01-05,North,Eva,Chair,Furniture,29,88.58,0.15,53.43
1762,2024-05-23,South,Liam,Desk,Furniture,9,158.59,0.05,158.6
1763,2024-06-19,North,Sophia,Headphones,Electronics,6,87.81,0.05,62.22
1764,2024-05-14,South,Bob,Desk,Furniture,26,262.7,0.12,118.4
1765,2024-06-02,North,Alice,Headphones,Electronics,18,124.7,0.2,41.96
1766,2024-06-04,West,Eva,Keyboard,Accessories,25,41.14,0.05,31.15
1767,2024-03-26,North,Alice,Mouse,Accessories,22,29.09,0.12,14.08
1768,2024-02-22,North,Liam,Monitor,Electronics,2,269.17,0.1,267.73
1769,2024-02-17,South,David,Desk,Furniture,18,172.34,0.1,151.47
1770,2024-05-06,North,Eva,Desk,Furniture,10,236.98,0.1,129.31
1771,2024-06-29,East,Alice,Keyboard,Accessories,30,45.89,0.12,24.83
1772,2024-05-05,North,Charlie,Desk,Furniture,18,279.38,0.15,106.41
1773,2024-01-10,West,Charlie,Keyboard,Accessories,2,42.84,0.15,20.79
1774,2024-06-23,North,Bob,Keyboard,Accessories,18,35.3,0,23.98
1775,2024-04-30,South,Alice,Mouse,Accessories,7,28.98,0.2,17.43
1776,2024-01-25,North,Liam,Monitor,Electronics,26,342.1,0,201.37
1777,2024-02-22,South,David,Desk,Furniture,23,160.89,0.12,176.5
1778,2024-03-25,East,Sophia,Mouse,Accessories,10,16.91,0.05,10.96
1779,2024-04-25,West,Liam,Mouse,Accessories,7,28.97,0,11.86
1780,2024-06-08,North,Charlie,Laptop,Electronics,11,1474.58,0.15,961.14
1781,2024-01-20,North,Sophia,Chair,Furniture,21,88.12,0,76.81
1782,2024-02-13,West,Sophia,Laptop,Electronics,8,1172.94,0,1229.26
1783,2024-06-20,West,David,Keyboard,Accessories,14,46.46,0.2,23.13
1784,2024-02-13,North,Alice,Chair,Furniture,13,83.54,0.1,77.68
1785,2024-03-06,North,Alice,Desk,Furniture,15,290.79,0.15,103.02
1786,2024-01-18,West,Eva,Chair,Furniture,18,154.96,0.05,68.65
1787,2024-04-03,West,Alice,Keyboard,Accessories,13,49.32,0.15,21.97
1788,2024-01-27,North,Alice,Headphones,Electronics,15,94.7,0.12,56.22
1789,2024-04-22,West,Sophia,Keyboard,Accessories,20,49.38,0.12,33.57
1790,2024-04-26,East,Eva,Keyboard,Accessories,25,36.55,0,23.96
1791,2024-03-19,West,Alice,Laptop,Electronics,23,1256.59,0.12,1140.82
1792,2024-03-12,South,Bob,Desk,Furniture,20,248.12,0.15,169.76
1793,2024-03-05,South,Liam,Desk,Furniture,23,220.12,0.1,129.89
1794,2024-06-30,South,Liam,Monitor,Electronics,9,298.13,0.12,151.23
1795,2024-03-22,East,David,Mouse,Accessories,8,24.47,0,13.78
1796,2024-05-09,East,Charlie,Headphones,Electronics,15,79.99,0.2,71.57
1797,2024-01-26,West,Charlie,Laptop,Electronics,24,1769.17,0.2,969.73
1798,2024-03-29,East,Liam,Keyboard,Accessories,22,51.51,0.12,28.54
1799,2024-06-14,East,David,Chair,Furniture,3,106.62,0.1,60.14
1800,2024-05-29,South,Eva,Keyboard,Accessories,15,39.42,0.05,31.17
1801,2024-02-17,North,Sophia,Desk,Furniture,23,150.5,0.2,85.8
1802,2024-03-13,West,Charlie,Headphones,Electronics,24,136.12,0.15,47.52
1803,2024-02-26,West,Charlie,Monitor,Electronics,8,262.7,0.1,193.69
1804,2024-03-16,East,Bob,Desk,Furniture,5,234.23,0.1,144.45
1805,2024-04-12,South,Eva,Chair,Furniture,9,79.27,0.15,93.2
1806,2024-04-20,East,Eva,Mouse,Accessories,10,21.4,0,19.66
1807,2024-04-18,West,Eva,Headphones,Electronics,11,143.87,0,71.26
1808,2024-06-01,West,Alice,Mouse,Accessories,6,16.73,0,13.11
1809,2024-05-19,West,Sophia,Headphones,Electronics,12,108.8,0.15,48.36
1810,2024-03-16,West,Sophia,Desk,Furniture,13,224.14,0,144.35
1811,2024-04-27,South,David,Keyboard,Accessories,20,43.75,0.12,21.1
1812,2024-02-20,South,Sophia,Headphones,Electronics,4,112.81,0.15,81.09
1813,2024-02-17,North,Liam,Monitor,Electronics,6,344.69,0.2,281.88
1814,2024-03-19,East,Alice,Headphones,Electronics,22,134.22,0.12,45.98
1815,2024-04-05,West,Liam,Mouse,Accessories,13,29.5,0.15,10.83
1816,2024-01-10,North,Eva,Mouse,Accessories,8,23.77,0,13.79
1817,2024-03-30,East,Eva,Headphones,Electronics,21,72.48,0.12,81.85
1818,2024-05-28,West,Sophia,Headphones,Electronics,21,63.25,0.2,61.81
1819,2024-01-31,South,Charlie,Monitor,Electronics,26,375.43,0,160.99
1820,2024-05-04,West,Eva,Laptop,Electronics,21,1280.55,0.1,1178.89
1821,2024-02-17,South,Bob,Headphones,Electronics,16,68.97,0.05,70.45
1822,2024-01-01,East,Alice,Laptop,Electronics,28,1651.01,0.1,1337.47
1823,2024-06-15,East,Charlie,Keyboard,Accessories,20,38.91,0,33.02
1824,2024-06-30,South,Bob,Headphones,Electronics,23,68.43,0.2,63.61
1825,2024-02-29,South,Eva,Desk,Furniture,27,292.41,0.05,92.43
1826,2024-06-17,South,Bob,Desk,Furniture,22,245.59,0.2,142.7
1827,2024-03-22,North,Alice,Monitor,Electronics,19,386.93,0.15,284.69
1828,2024-01-11,West,Charlie,Headphones,Electronics,12,64.5,0.1,82.6
1829,2024-01-10,East,Eva,Monitor,Electronics,2,307.52,0.2,166.05
1830,2024-01-22,North,Liam,Headphones,Electronics,24,67.46,0,44.47
1831,2024-02-21,East,Bob,Desk,Furniture,13,215.78,0.1,141.06
1832,2024-05-03,North,Liam,Desk,Furniture,8,147.17,0.05,150.33
1833,2024-01-18,East,Eva,Monitor,Electronics,13,310.6,0.12,243.41
1834,2024-02-14,South,Liam,Monitor,Electronics,18,420.89,0.12,218.52
1835,2024-01-21,East,Eva,Mouse,Accessories,28,29.32,0.05,17.82
1836,2024-04-26,East,Charlie,Chair,Furniture,3,105.99,0.2,85.73
1837,2024-04-03,South,Sophia,Desk,Furniture,19,182.28,0.1,140.59
1838,2024-03-12,South,Eva,Monitor,Electronics,5,308.14,0.15,223.63
1839,2024-06-07,South,Charlie,Keyboard,Accessories,11,35.31,0.1,32.75
1840,2024-06-22,South,Sophia,Mouse,Accessories,18,26.76,0.15,18.53
1841,2024-06-16,North,Sophia,Laptop,Electronics,24,1199.68,0.2,1128.37
1842,2024-01-28,East,Charlie,Laptop,Electronics,26,1527.0,0.1,924.19
1843,2024-05-19,North,Liam,Monitor,Electronics,21,389.83,0,159.79
1844,2024-02-10,West,Liam,Keyboard,Accessories,25,43.65,0,28.71
1845,2024-01-30,West,Sophia,Desk,Furniture,24,158.16,0.1,132.22
1846,2024-03-22,North,Eva,Monitor,Electronics,22,326.38,0.12,222.33
1847,2024-01-29,South,Liam,Laptop,Electronics,11,1438.71,0.2,1264.31
1848,2024-06-13,North,Alice,Mouse,Accessories,30,17.55,0.1,15.84
1849,2024-03-24,East,Eva,Mouse,Accessories,4,20.99,0,15.33
1850,2024-01-19,West,Liam,Mouse,Accessories,16,28.88,0.15,18.8
1851,2024-04-22,East,Liam,Keyboard,Accessories,4,53.51,0.15,28.57
1852,2024-01-06,East,Bob,Mouse,Accessories,26,15.28,0,19.33
1853,2024-05-05,North,Liam,Headphones,Electronics,28,130.96,0.1,80.2
1854,2024-06-28,West,Sophia,Monitor,Electronics,26,440.43,0.1,189.97
1855,2024-01-14,South,Eva,Headphones,Electronics,12,66.79,0.1,52.74
1856,2024-01-27,South,Liam,Monitor,Electronics,17,291.41,0.1,268.31
1857,2024-04-04,West,Eva,Monitor,Electronics,10,416.29,0.15,154.63
1858,2024-01-13,East,Eva,Desk,Furniture,3,264.61,0.12,142.06
1859,2024-02-24,North,Eva,Headphones,Electronics,14,87.5,0.05,72.16
1860,2024-06-28,East,Eva,Keyboard,Accessories,15,52.71,0.2,30.93
1861,2024-02-25,West,Eva,Monitor,Electronics,15,402.45,0.12,288.25
1862,2024-06-02,North,Charlie,Chair,Furniture,30,88.43,0.2,77.79
1863,2024-01-06,North,Charlie,Chair,Furniture,13,140.53,0.12,67.67
1864,2024-03-02,South,Bob,Chair,Furniture,19,118.87,0.05,99.8
1865,2024-05-29,South,Alice,Desk,Furniture,18,272.6,0,125.35
1866,2024-06-10,West,Alice,Keyboard,Accessories,18,51.86,0.12,34.87
1867,2024-06-11,West,Sophia,Desk,Furniture,1,230.98,0.05,129.86
1868,2024-04-01,South,Alice,Headphones,Electronics,6,126.72,0.12,81.77
1869,2024-01-09,South,Charlie,Desk,Furniture,18,295.37,0.12,121.94
1870,2024-05-09,East,Liam,Laptop,Electronics,28,1181.57,0.12,950.94
1871,2024-05-05,South,Liam,Monitor,Electronics,6,361.89,0.05,181.83
1872,2024-01-10,East,David,Mouse,Accessories,4,18.71,0.1,16.64
1873,2024-05-15,East,Sophia,Headphones,Electronics,28,95.67,0.2,84.25
1874,2024-06-15,North,Alice,Headphones,Electronics,26,142.82,0,41.34
1875,2024-02-08,South,Charlie,Monitor,Electronics,8,388.85,0.1,210.53
1876,2024-03-07,North,Sophia,Headphones,Electronics,16,108.79,0.12,74.64
1877,2024-05-29,North,Alice,Desk,Furniture,4,270.78,0.1,133.41
1878,2024-04-10,West,Liam,Mouse,Accessories,13,19.54,0,13.19
1879,2024-02-16,North,Bob,Chair,Furniture,26,82.03,0.1,77.11
1880,2024-03-16,East,Alice,Mouse,Accessories,12,18.5,0.05,13.48
1881,2024-02-21,East,Charlie,Mouse,Accessories,18,22.65,0.05,10.39
1882,2024-02-27,North,Eva,Mouse,Accessories,29,16.57,0,18.96
1883,2024-01-12,North,Sophia,Laptop,Electronics,6,1151.83,0,1332.39
1884,2024-04-03,North,David,Chair,Furniture,30,142.11,0.2,58.81
1885,2024-01-15,North,Liam,Keyboard,Accessories,19,52.69,0.12,32.65
1886,2024-02-23,South,Sophia,Keyboard,Accessories,15,50.87,0.12,32.36
1887,2024-04-23,East,Charlie,Laptop,Electronics,20,1502.74,0.2,1172.41
1888,2024-03-04,South,Alice,Chair,Furniture,12,143.35,0.12,61.59
1889,2024-01-05,South,Eva,Desk,Furniture,1,184.62,0.2,176.07
1890,2024-01-24,East,Charlie,Laptop,Electronics,10,1663.12,0.12,1057.1
1891,2024-03-19,East,Liam,Laptop,Electronics,9,1665.43,0.1,1212.94
1892,2024-04-17,North,Sophia,Mouse,Accessories,25,16.78,0.15,17.66
1893,2024-02-05,East,David,Chair,Furniture,19,78.82,0.12,48.83
1894,2024-06-20,West,Sophia,Chair,Furniture,26,104.22,0.2,70.39
1895,2024-05-10,West,Charlie,Headphones,Electronics,21,68.75,0.15,54.75
1896,2024-01-27,North,Bob,Mouse,Accessories,13,17.66,0.2,17.28
1897,2024-01-16,West,Sophia,Monitor,Electronics,10,261.2,0.1,295.08
1898,2024-02-13,North,Bob,Monitor,Electronics,1,413.65,0.2,155.65
1899,2024-05-29,South,Bob,Laptop,Electronics,6,1141.38,0.05,1000.13
1900,2024-02-01,West,Eva,Mouse,Accessories,20,16.51,0.12,12.5
1901,2024-05-19,East,Liam,Headphones,Electronics,2,68.09,0.2,80.75
1902,2024-05-03,South,Eva,Desk,Furniture,15,153.14,0.05,138.29
1903,2024-04-13,West,Liam,Laptop,Electronics,25,1313.62,0.12,1069.88
1904,2024-05-29,East,Eva,Headphones,Electronics,25,81.99,0.1,61.66
1905,2024-05-03,East,Sophia,Chair,Furniture,26,101.75,0.1,60.82
1906,2024-05-21,North,Liam,Headphones,Electronics,21,66.91,0.12,55.66
1907,2024-01-20,East,Liam,Chair,Furniture,2,96.61,0.05,71.14
1908,2024-04-24,North,David,Headphones,Electronics,4,93.61,0.2,74.24
1909,2024-01-18,South,Alice,Desk,Furniture,30,254.52,0.05,136.58
1910,2024-05-31,West,Eva,Chair,Furniture,5,140.26,0.05,66.78
1911,2024-05-03,North,Sophia,Laptop,Electronics,24,1769.77,0.2,1169.04
1912,2024-06-03,South,Liam,Chair,Furniture,20,149.22,0.12,71.94
1913,2024-04-28,West,Alice,Laptop,Electronics,4,1695.45,0.05,1333.78
1914,2024-01-04,East,Eva,Chair,Furniture,21,146.87,0.05,74.75
1915,2024-06-04,South,Liam,Chair,Furniture,19,107.52,0.2,93.46
1916,2024-01-31,North,Charlie,Headphones,Electronics,4,103.62,0.1,79.82
1917,2024-06-05,West,Charlie,Chair,Furniture,15,135.28,0.05,59.67
1918,2024-05-09,North,Charlie,Chair,Furniture,26,158.19,0.2,40.59
1919,2024-02-27,North,Charlie,Mouse,Accessories,18,17.08,0.05,11.27
1920,2024-01-31,South,Bob,Mouse,Accessories,16,17.18,0.15,17.0
1921,2024-06-30,West,David,Monitor,Electronics,8,368.5,0.2,247.52
1922,2024-01-03,West,Sophia,Desk,Furniture,19,227.85,0.05,123.65
1923,2024-05-12,East,Bob,Headphones,Electronics,13,101.73,0,41.88
1924,2024-04-21,East,Charlie,Keyboard,Accessories,20,37.3,0.15,29.54
1925,2024-04-28,East,Sophia,Headphones,Electronics,13,74.89,0.15,49.72
1926,2024-06-27,East,Liam,Chair,Furniture,19,129.79,0,66.83
1927,2024-03-16,North,Eva,Laptop,Electronics,24,1281.46,0,928.58
1928,2024-06-02,East,Eva,Headphones,Electronics,21,76.69,0.1,81.13
1929,2024-02-12,North,Liam,Desk,Furniture,25,289.18,0.2,143.77
1930,2024-05-29,West,Eva,Chair,Furniture,26,145.57,0.1,54.01
1931,2024-02-10,North,Eva,Keyboard,Accessories,20,42.38,0.15,27.33
1932,2024-04-17,North,Bob,Monitor,Electronics,10,356.42,0.15,209.79
1933,2024-01-02,North,Liam,Keyboard,Accessories,26,39.0,0.12,24.75
1934,2024-03-25,West,Bob,Headphones,Electronics,28,114.78,0.2,57.27
1935,2024-06-02,North,Alice,Chair,Furniture,27,79.43,0.12,71.14
1936,2024-01-23,South,Sophia,Keyboard,Accessories,20,41.69,0.1,21.83
1937,2024-06-26,South,Sophia,Mouse,Accessories,25,27.99,0.05,19.14
1938,2024-04-26,West,Charlie,Desk,Furniture,24,254.55,0.05,160.46
1939,2024-03-25,East,Bob,Mouse,Accessories,13,18.75,0.15,19.01
1940,2024-04-19,East,David,Keyboard,Accessories,30,47.74,0.2,34.26
1941,2024-04-20,South,Eva,Headphones,Electronics,21,111.8,0.1,88.65
1942,2024-05-02,South,Sophia,Keyboard,Accessories,6,39.64,0,24.51
1943,2024-04-15,West,Alice,Chair,Furniture,1,100.71,0.05,50.07
1944,2024-03-18,South,Liam,Keyboard,Accessories,6,45.69,0.15,25.97
1945,2024-04-23,South,Eva,Laptop,Electronics,18,1610.32,0.1,1261.34
1946,2024-03-21,West,David,Mouse,Accessories,9,19.07,0,18.3
1947,2024-03-02,South,Charlie,Laptop,Electronics,18,1795.07,0.15,947.0
1948,2024-02-01,North,David,Mouse,Accessories,29,22.4,0.12,11.18
1949,2024-02-28,North,David,Desk,Furniture,21,176.27,0,111.46
1950,2024-02-23,West,David,Headphones,Electronics,21,97.52,0.15,76.94
1951,2024-05-18,South,David,Desk,Furniture,4,149.05,0,113.07
1952,2024-05-12,East,David,Headphones,Electronics,28,85.31,0,55.87
1953,2024-02-12,North,Alice,Laptop,Electronics,6,1220.44,0.1,1392.07
1954,2024-06-22,North,Eva,Keyboard,Accessories,18,41.09,0.1,24.49
1955,2024-04-28,West,Alice,Headphones,Electronics,1,103.69,0.2,49.73
1956,2024-04-20,North,Liam,Laptop,Electronics,22,1235.03,0.1,1022.05
1957,2024-05-01,South,Eva,Desk,Furniture,18,281.72,0.05,160.94
1958,2024-06-16,West,Alice,Headphones,Electronics,26,134.75,0.05,88.34
1959,2024-06-27,East,Sophia,Mouse,Accessories,2,15.16,0.15,12.85
1960,2024-04-13,South,Alice,Desk,Furniture,14,195.36,0.15,80.99
1961,2024-04-03,South,Bob,Monitor,Electronics,30,376.77,0.12,264.37
1962,2024-06-24,North,Alice,Desk,Furniture,8,217.42,0.12,102.81
1963,2024-05-15,North,Sophia,Chair,Furniture,13,153.66,0.1,43.84
1964,2024-03-30,West,David,Chair,Furniture,20,97.52,0.05,72.31
1965,2024-05-03,East,Alice,Desk,Furniture,19,165.02,0.2,89.44
1966,2024-02-22,East,Liam,Headphones,Electronics,13,144.11,0.12,81.55
1967,2024-02-26,East,Eva,Laptop,Electronics,9,1197.68,0.12,1340.36
1968,2024-04-02,East,Liam,Keyboard,Accessories,19,42.51,0.1,32.22
1969,2024-05-01,North,Bob,Laptop,Electronics,4,1737.06,0.2,957.74
1970,2024-03-07,North,Alice,Chair,Furniture,26,113.47,0,49.29
1971,2024-01-04,East,Alice,Desk,Furniture,22,178.45,0.05,129.08
1972,2024-01-29,West,Liam,Mouse,Accessories,6,27.91,0,10.78
1973,2024-01-27,East,Liam,Chair,Furniture,23,108.81,0.05,87.24
1974,2024-06-06,East,David,Desk,Furniture,16,267.01,0.05,159.18
1975,2024-02-04,South,Liam,Desk,Furniture,26,247.23,0.2,127.7
1976,2024-05-07,East,David,Chair,Furniture,25,119.88,0.05,51.86
1977,2024-06-26,North,David,Mouse,Accessories,3,23.27,0,10.7
1978,2024-05-31,North,Eva,Mouse,Accessories,23,27.2,0.12,18.73
1979,2024-01-24,East,Alice,Mouse,Accessories,10,25.12,0.15,19.36
1980,2024-03-04,West,David,Laptop,Electronics,5,1554.71,0.1,1178.94
1981,2024-06-11,East,Charlie,Laptop,Electronics,21,1310.47,0.12,1284.51
1982,2024-04-24,South,Liam,Laptop,Electronics,27,1317.88,0.12,990.25
1983,2024-01-05,West,Sophia,Monitor,Electronics,7,262.71,0.2,294.92
1984,2024-02-05,East,Alice,Mouse,Accessories,12,20.86,0.1,14.76
1985,2024-01-18,West,Liam,Desk,Furniture,14,265.28,0.15,126.7
1986,2024-02-05,West,Alice,Mouse,Accessories,17,15.82,0.15,17.29
1987,2024-01-05,East,Alice,Mouse,Accessories,22,23.22,0.1,11.04
1988,2024-02-13,North,Sophia,Headphones,Electronics,30,139.73,0.2,51.54
1989,2024-02-14,West,Eva,Laptop,Electronics,20,1103.06,0.12,1302.67
1990,2024-05-03,East,Eva,Desk,Furniture,25,296.65,0.05,132.27
1991,2024-01-23,North,Bob,Keyboard,Accessories,27,39.56,0.2,30.07
1992,2024-06-02,South,Eva,Desk,Furniture,24,166.78,0.1,143.65
1993,2024-01-18,South,Eva,Chair,Furniture,4,137.19,0.12,53.02
1994,2024-05-20,North,Charlie,Headphones,Electronics,14,123.2,0.15,57.07
1995,2024-05-18,South,Bob,Desk,Furniture,15,219.52,0.1,175.79
1996,2024-05-18,East,Alice,Monitor,Electronics,5,312.02,0.15,282.13
1997,2024-06-29,East,Charlie,Laptop,Electronics,18,1623.49,0.2,1046.03
1998,2024-01-21,South,Alice,Monitor,Electronics,2,296.41,0.05,216.14
1999,2024-01-06,West,Charlie,Monitor,Electronics,8,408.16,0.05,175.63
2000,2024-01-08,South,Eva,Mouse,Accessories,2,16.11,0,15.56
2001,2024-06-30,South,David,Mouse,Accessories,4,25.29,0,17.16
2002,2024-02-18,South,Alice,Chair,Furniture,5,115.85,0.2,90.69
2003,2024-06-06,West,Bob,Laptop,Electronics,13,1161.32,0.05,920.56
2004,2024-05-16,North,Eva,Chair,Furniture,4,134.77,0.2,91.94
2005,2024-04-22,South,Alice,Mouse,Accessories,7,29.57,0,13.78
2006,2024-01-07,South,Bob,Keyboard,Accessories,23,48.56,0.05,20.47
2007,2024-04-15,North,Alice,Monitor,Electronics,17,315.55,0,295.7
2008,2024-06-27,East,David,Mouse,Accessories,1,19.43,0.05,15.1
2009,2024-06-28,North,Liam,Mouse,Accessories,23,21.94,0.2,14.64
2010,2024-06-20,South,Bob,Desk,Furniture,6,147.07,0.1,145.59
2011,2024-02-22,North,Liam,Keyboard,Accessories,23,36.85,0.12,29.5
2012,2024-03-04,West,Alice,Monitor,Electronics,12,449.22,0.1,204.1
2013,2024-04-01,West,Sophia,Keyboard,Accessories,29,45.99,0.12,33.11
2014,2024-06-26,East,Sophia,Desk,Furniture,25,214.93,0,95.78
2015,2024-02-04,South,Bob,Desk,Furniture,6,272.66,0.15,159.71
2016,2024-06-08,East,Alice,Headphones,Electronics,27,111.81,0.15,88.78
2017,2024-05-05,North,Alice,Keyboard,Accessories,29,53.63,0.2,31.75
2018,2024-05-18,West,Liam,Chair,Furniture,17,124.75,0.05,63.7
2019,2024-06-26,South,Bob,Keyboard,Accessories,22,37.89,0.12,26.42
2020,2024-04-19,East,Eva,Keyboard,Accessories,9,40.52,0,29.37
2021,2024-02-28,West,Charlie,Desk,Furniture,3,263.98,0.2,143.0
2022,2024-05-22,South,Alice,Laptop,Electronics,14,1153.31,0.2,905.02
2023,2024-02-14,East,Bob,Desk,Furniture,7,243.39,0.15,123.63
2024,2024-02-24,South,Bob,Chair,Furniture,23,137.4,0.05,50.75
2025,2024-02-01,East,Alice,Monitor,Electronics,16,445.97,0.15,168.96
2026,2024-01-09,South,Bob,Monitor,Electronics,13,258.09,0.2,297.48
2027,2024-01-16,East,Sophia,Monitor,Electronics,20,378.03,0,215.45
2028,2024-05-09,West,Bob,Monitor,Electronics,29,419.76,0.12,150.03
2029,2024-05-05,South,Liam,Mouse,Accessories,18,29.38,0,19.55
2030,2024-03-21,East,Liam,Desk,Furniture,23,153.4,0.15,94.94
2031,2024-05-11,East,Sophia,Headphones,Electronics,14,140.38,0.1,40.98
2032,2024-02-09,West,Liam,Keyboard,Accessories,2,42.81,0.15,34.9
2033,2024-05-12,South,Sophia,Chair,Furniture,22,106.95,0.1,84.92
2034,2024-03-18,North,Liam,Monitor,Electronics,5,327.89,0.05,207.35
2035,2024-03-28,West,Eva,Headphones,Electronics,25,61.8,0.05,42.71
2036,2024-02-25,West,Alice,Desk,Furniture,5,214.56,0.2,116.67
2037,2024-05-11,South,David,Keyboard,Accessories,9,45.43,0,31.93
2038,2024-05-04,North,David,Chair,Furniture,5,77.65,0.05,64.14
2039,2024-01-23,North,Alice,Headphones,Electronics,21,70.73,0.15,88.86
2040,2024-01-26,South,Liam,Desk,Furniture,26,193.61,0.05,108.3
2041,2024-03-17,South,Bob,Laptop,Electronics,5,1330.14,0.1,1273.62
2042,2024-04-26,North,Eva,Keyboard,Accessories,26,47.17,0.1,33.99
2043,2024-02-26,North,Sophia,Laptop,Electronics,18,1345.4,0.05,1011.09
2044,2024-03-27,North,David,Mouse,Accessories,1,26.84,0.05,14.01
2045,2024-01-21,East,Charlie,Chair,Furniture,27,108.2,0.2,42.79
2046,2024-02-12,East,Bob,Chair,Furniture,1,158.39,0.12,99.86
2047,2024-02-02,East,Liam,Desk,Furniture,5,231.94,0.2,157.16
2048,2024-06-12,West,Bob,Keyboard,Accessories,2,44.75,0.2,22.5
2049,2024-06-07,East,David,Mouse,Accessories,5,21.15,0.05,16.14
2050,2024-06-19,South,Sophia,Headphones,Electronics,23,60.38,0.12,84.15
2051,2024-06-08,East,David,Keyboard,Accessories,16,54.75,0.1,29.87
2052,2024-03-02,South,Sophia,Laptop,Electronics,18,1375.61,0.2,1192.03
2053,2024-06-20,North,David,Monitor,Electronics,25,304.04,0.12,239.18
2054,2024-06-14,South,Eva,Headphones,Electronics,17,136.25,0,49.33
2055,2024-03-18,West,Alice,Monitor,Electronics,5,409.71,0,160.83
2056,2024-03-28,South,Charlie,Monitor,Electronics,26,303.13,0.15,248.45
2057,2024-03-25,North,Alice,Chair,Furniture,29,99.47,0.12,94.43
2058,2024-04-29,South,Eva,Monitor,Electronics,23,438.13,0.05,279.37
2059,2024-04-22,East,Liam,Monitor,Electronics,18,447.32,0.12,221.5
2060,2024-01-19,West,Charlie,Monitor,Electronics,9,381.77,0.1,234.18
2061,2024-06-07,North,Liam,Monitor,Electronics,4,252.21,0.12,185.22
2062,2024-06-20,North,Sophia,Headphones,Electronics,14,73.97,0.15,82.27
2063,2024-02-14,North,Bob,Mouse,Accessories,22,15.07,0.12,17.94
2064,2024-04-08,East,Liam,Desk,Furniture,14,173.45,0.05,136.27
2065,2024-02-10,South,Liam,Chair,Furniture,28,113.55,0.12,87.54
2066,2024-01-22,East,Sophia,Laptop,Electronics,1,1307.45,0.15,1264.02
2067,2024-04-08,North,Bob,Monitor,Electronics,25,387.45,0.1,199.85
2068,2024-03-29,South,Sophia,Laptop,Electronics,21,1128.11,0.15,1165.99
2069,2024-06-09,West,Charlie,Headphones,Electronics,1,122.35,0.05,65.4
2070,2024-04-01,North,Alice,Desk,Furniture,19,273.03,0.15,87.32
2071,2024-01-08,East,Liam,Monitor,Electronics,4,293.86,0,275.31
2072,2024-03-10,South,Liam,Chair,Furniture,8,127.22,0.15,74.48
2073,2024-04-22,South,Eva,Chair,Furniture,13,102.04,0.1,81.58
2074,2024-06-07,East,Sophia,Desk,Furniture,30,273.01,0.05,98.5
2075,2024-06-15,West,Charlie,Monitor,Electronics,23,423.2,0.2,227.47
2076,2024-01-13,North,Liam,Keyboard,Accessories,18,50.65,0.12,24.96
2077,2024-01-28,West,Bob,Monitor,Electronics,6,284.43,0.05,184.09
2078,2024-02-09,West,Eva,Headphones,Electronics,15,134.8,0,48.69
2079,2024-03-25,West,Alice,Mouse,Accessories,2,16.18,0.2,18.89
2080,2024-01-13,East,Charlie,Desk,Furniture,15,256.62,0.05,176.12
2081,2024-04-23,East,David,Laptop,Electronics,9,1321.07,0.2,1346.57
2082,2024-05-26,East,Liam,Chair,Furniture,26,131.2,0.12,59.14
2083,2024-03-07,South,Liam,Headphones,Electronics,11,117.93,0.12,69.96
2084,2024-03-27,North,Bob,Desk,Furniture,9,253.65,0.05,159.15
2085,2024-04-12,South,Alice,Laptop,Electronics,21,1608.76,0.1,1016.27
2086,2024-01-17,North,Eva,Keyboard,Accessories,12,50.28,0.1,28.21
2087,2024-01-09,South,Sophia,Chair,Furniture,23,111.69,0.1,92.89
2088,2024-02-15,North,Liam,Mouse,Accessories,11,16.52,0.1,19.7
2089,2024-05-07,South,Alice,Desk,Furniture,22,280.34,0.12,129.3
2090,2024-01-16,South,Alice,Headphones,Electronics,18,67.89,0,83.09
2091,2024-06-11,South,Eva,Chair,Furniture,1,112.28,0.1,80.31
2092,2024-05-09,South,Bob,Keyboard,Accessories,1,36.07,0.1,33.81
2093,2024-06-12,South,Liam,Laptop,Electronics,16,1686.56,0.12,972.13
2094,2024-01-24,East,Eva,Mouse,Accessories,5,21.84,0.15,10.35
2095,2024-04-22,North,David,Monitor,Electronics,6,389.39,0,249.92
2096,2024-05-29,East,Liam,Desk,Furniture,27,287.02,0.1,99.7
2097,2024-01-31,South,Liam,Headphones,Electronics,15,69.37,0.2,70.74
2098,2024-04-22,East,Eva,Laptop,Electronics,30,1168.8,0.12,1092.29
2099,2024-04-03,South,Eva,Keyboard,Accessories,21,49.35,0,27.81
2100,2024-05-27,South,Liam,Chair,Furniture,2,140.7,0,54.78
2101,2024-05-04,South,Liam,Monitor,Electronics,1,308.76,0.15,179.1
2102,2024-03-12,West,Alice,Headphones,Electronics,19,108.99,0.15,70.36
2103,2024-05-15,South,David,Desk,Furniture,6,277.32,0.15,173.25
2104,2024-01-22,West,David,Laptop,Electronics,29,1140.36,0.2,975.96
2105,2024-04-09,East,Alice,Laptop,Electronics,11,1434.73,0.15,1067.93
2106,2024-01-30,South,Sophia,Laptop,Electronics,27,1359.06,0.05,1306.94
2107,2024-06-19,West,Alice,Chair,Furniture,28,142.95,0,55.61
2108,2024-02-18,West,Eva,Mouse,Accessories,20,16.64,0.2,16.53
2109,2024-01-28,East,Alice,Mouse,Accessories,23,19.64,0.15,15.17
2110,2024-05-14,North,Charlie,Laptop,Electronics,2,1436.45,0.12,1252.7
2111,2024-01-16,North,Bob,Desk,Furniture,9,286.41,0.1,126.01
2112,2024-05-09,North,Liam,Laptop,Electronics,13,1215.66,0.15,1046.92
2113,2024-03-07,North,Alice,Mouse,Accessories,12,22.56,0.1,15.8
2114,2024-02-18,East,Charlie,Monitor,Electronics,4,429.78,0.2,172.57
2115,2024-06-14,South,Liam,Keyboard,Accessories,14,44.07,0.15,27.52
2116,2024-06-21,North,Eva,Headphones,Electronics,22,148.15,0.15,83.88
2117,2024-05-18,North,Liam,Mouse,Accessories,17,26.79,0,14.18
2118,2024-01-26,North,Liam,Desk,Furniture,17,299.91,0.2,137.47
2119,2024-03-04,West,Charlie,Desk,Furniture,18,148.98,0.05,144.03
2120,2024-03-01,South,Bob,Monitor,Electronics,14,372.29,0.1,237.73
2121,2024-01-18,South,Bob,Laptop,Electronics,25,1274.71,0.2,1097.18
2122,2024-03-02,West,Eva,Desk,Furniture,23,140.34,0.2,174.52
2123,2024-05-03,East,Eva,Laptop,Electronics,19,1763.42,0.2,1076.29
2124,2024-06-01,South,Sophia,Headphones,Electronics,12,123.89,0.1,46.29
2125,2024-06-30,North,Eva,Laptop,Electronics,12,1380.6,0.1,1271.76
2126,2024-05-31,South,Liam,Mouse,Accessories,14,23.05,0.1,12.38
2127,2024-01-10,North,David,Headphones,Electronics,28,147.92,0.1,57.34
2128,2024-04-03,South,Sophia,Headphones,Electronics,15,61.43,0,45.04
2129,2024-04-28,South,Charlie,Desk,Furniture,19,190.67,0.05,127.92
2130,2024-05-13,West,Alice,Chair,Furniture,26,105.03,0.05,45.14
2131,2024-02-29,East,David,Headphones,Electronics,21,119.39,0,73.46
2132,2024-04-23,South,Liam,Desk,Furniture,27,171.81,0.05,127.78
2133,2024-05-01,West,Sophia,Keyboard,Accessories,28,51.86,0.2,26.7
2134,2024-05-19,East,Charlie,Monitor,Electronics,10,279.13,0.1,173.15
2135,2024-04-11,West,Alice,Laptop,Electronics,25,1441.43,0.2,1083.54
2136,2024-03-30,South,Bob,Mouse,Accessories,11,28.78,0,18.7
2137,2024-01-23,South,Charlie,Headphones,Electronics,3,66.64,0.15,53.27
2138,2024-01-06,North,Bob,Laptop,Electronics,26,1386.68,0.12,1277.08
2139,2024-01-29,South,Liam,Laptop,Electronics,22,1729.68,0.12,1328.69
2140,2024-04-14,South,Liam,Desk,Furniture,8,224.42,0,169.15
2141,2024-01-10,North,Bob,Desk,Furniture,20,251.62,0.2,149.86
2142,2024-04-16,West,Liam,Desk,Furniture,14,284.02,0.1,165.08
2143,2024-04-13,North,Charlie,Desk,Furniture,27,154.02,0.05,123.3
2144,2024-04-07,South,David,Headphones,Electronics,4,124.71,0.15,69.69
2145,2024-06-05,West,Liam,Desk,Furniture,28,294.9,0,136.63
2146,2024-01-11,East,David,Desk,Furniture,25,212.24,0.15,113.26
2147,2024-01-14,North,David,Headphones,Electronics,29,148.97,0,84.67
2148,2024-03-30,West,Sophia,Monitor,Electronics,14,253.86,0.2,264.67
2149,2024-03-21,West,Charlie,Keyboard,Accessories,2,51.18,0,22.07
2150,2024-02-25,North,David,Laptop,Electronics,26,1791.39,0.15,1170.91